file,line,type,commit,author,date,time,timezone,datetime,depth,length
style.css,1,css,fd96cacc,ananyakw,2026-04-25,21:17:59,-07:00,2026-04-25T21:17:59-07:00,0,5
style.css,2,css,fd96cacc,ananyakw,2026-04-25,21:17:59,-07:00,2026-04-25T21:17:59-07:00,1,33
style.css,3,css,fd96cacc,ananyakw,2026-04-25,21:17:59,-07:00,2026-04-25T21:17:59-07:00,0,0
style.css,4,css,12993656,ananyakw,2026-04-18,21:21:22,-07:00,2026-04-18T21:21:22-07:00,0,0
style.css,5,css,12993656,ananyakw,2026-04-18,21:21:22,-07:00,2026-04-18T21:21:22-07:00,0,4
style.css,6,css,fd96cacc,ananyakw,2026-04-25,21:17:59,-07:00,2026-04-25T21:17:59-07:00,1,32
style.css,7,css,fd96cacc,ananyakw,2026-04-25,21:17:59,-07:00,2026-04-25T21:17:59-07:00,1,23
style.css,8,css,fd96cacc,ananyakw,2026-04-25,21:17:59,-07:00,2026-04-25T21:17:59-07:00,0,0
style.css,9,css,fd96cacc,ananyakw,2026-04-25,21:17:59,-07:00,2026-04-25T21:17:59-07:00,0,0
style.css,10,css,fd96cacc,ananyakw,2026-04-25,21:17:59,-07:00,2026-04-25T21:17:59-07:00,0,4
style.css,11,css,fd96cacc,ananyakw,2026-04-25,21:17:59,-07:00,2026-04-25T21:17:59-07:00,1,23
style.css,12,css,fd96cacc,ananyakw,2026-04-25,21:17:59,-07:00,2026-04-25T21:17:59-07:00,1,15
style.css,13,css,fd96cacc,ananyakw,2026-04-25,21:17:59,-07:00,2026-04-25T21:17:59-07:00,1,42
style.css,14,css,fd96cacc,ananyakw,2026-04-25,21:17:59,-07:00,2026-04-25T21:17:59-07:00,1,18
style.css,15,css,fd96cacc,ananyakw,2026-04-25,21:17:59,-07:00,2026-04-25T21:17:59-07:00,0,0
style.css,16,css,fd96cacc,ananyakw,2026-04-25,21:17:59,-07:00,2026-04-25T21:17:59-07:00,0,0
style.css,17,css,fd96cacc,ananyakw,2026-04-25,21:17:59,-07:00,2026-04-25T21:17:59-07:00,0,22
style.css,18,css,fd96cacc,ananyakw,2026-04-25,21:17:59,-07:00,2026-04-25T21:17:59-07:00,1,15
style.css,19,css,fd96cacc,ananyakw,2026-04-25,21:17:59,-07:00,2026-04-25T21:17:59-07:00,1,17
style.css,20,css,fd96cacc,ananyakw,2026-04-25,21:17:59,-07:00,2026-04-25T21:17:59-07:00,0,0
style.css,21,css,fd96cacc,ananyakw,2026-04-25,21:17:59,-07:00,2026-04-25T21:17:59-07:00,0,0
style.css,22,css,fd96cacc,ananyakw,2026-04-25,21:17:59,-07:00,2026-04-25T21:17:59-07:00,0,2
style.css,23,css,fd96cacc,ananyakw,2026-04-25,21:17:59,-07:00,2026-04-25T21:17:59-07:00,1,14
style.css,24,css,fd96cacc,ananyakw,2026-04-25,21:17:59,-07:00,2026-04-25T21:17:59-07:00,0,0
style.css,25,css,12993656,ananyakw,2026-04-18,21:21:22,-07:00,2026-04-18T21:21:22-07:00,0,0
style.css,26,css,12993656,ananyakw,2026-04-18,21:21:22,-07:00,2026-04-18T21:21:22-07:00,0,3
style.css,27,css,fd96cacc,ananyakw,2026-04-25,21:17:59,-07:00,2026-04-25T21:17:59-07:00,1,12
style.css,28,css,fd96cacc,ananyakw,2026-04-25,21:17:59,-07:00,2026-04-25T21:17:59-07:00,1,17
style.css,29,css,fd96cacc,ananyakw,2026-04-25,21:17:59,-07:00,2026-04-25T21:17:59-07:00,1,43
style.css,30,css,fd96cacc,ananyakw,2026-04-25,21:17:59,-07:00,2026-04-25T21:17:59-07:00,1,39
style.css,31,css,fd96cacc,ananyakw,2026-04-25,21:17:59,-07:00,2026-04-25T21:17:59-07:00,0,0
style.css,32,css,fd96cacc,ananyakw,2026-04-25,21:17:59,-07:00,2026-04-25T21:17:59-07:00,0,0
style.css,33,css,fd96cacc,ananyakw,2026-04-25,21:17:59,-07:00,2026-04-25T21:17:59-07:00,0,5
style.css,34,css,fd96cacc,ananyakw,2026-04-25,21:17:59,-07:00,2026-04-25T21:17:59-07:00,0,6
style.css,35,css,fd96cacc,ananyakw,2026-04-25,21:17:59,-07:00,2026-04-25T21:17:59-07:00,1,16
style.css,36,css,fd96cacc,ananyakw,2026-04-25,21:17:59,-07:00,2026-04-25T21:17:59-07:00,0,0
style.css,37,css,fd96cacc,ananyakw,2026-04-25,21:17:59,-07:00,2026-04-25T21:17:59-07:00,0,0
style.css,38,css,fd96cacc,ananyakw,2026-04-25,21:17:59,-07:00,2026-04-25T21:17:59-07:00,0,5
style.css,39,css,fd96cacc,ananyakw,2026-04-25,21:17:59,-07:00,2026-04-25T21:17:59-07:00,1,6
style.css,40,css,fd96cacc,ananyakw,2026-04-25,21:17:59,-07:00,2026-04-25T21:17:59-07:00,1,20
style.css,41,css,fd96cacc,ananyakw,2026-04-25,21:17:59,-07:00,2026-04-25T21:17:59-07:00,1,13
style.css,42,css,fd96cacc,ananyakw,2026-04-25,21:17:59,-07:00,2026-04-25T21:17:59-07:00,1,17
style.css,43,css,fd96cacc,ananyakw,2026-04-25,21:17:59,-07:00,2026-04-25T21:17:59-07:00,1,13
style.css,44,css,fd96cacc,ananyakw,2026-04-25,21:17:59,-07:00,2026-04-25T21:17:59-07:00,0,0
style.css,45,css,12993656,ananyakw,2026-04-18,21:21:22,-07:00,2026-04-18T21:21:22-07:00,0,0
style.css,46,css,12993656,ananyakw,2026-04-18,21:21:22,-07:00,2026-04-18T21:21:22-07:00,0,11
style.css,47,css,fd96cacc,ananyakw,2026-04-25,21:17:59,-07:00,2026-04-25T21:17:59-07:00,1,45
style.css,48,css,fd96cacc,ananyakw,2026-04-25,21:17:59,-07:00,2026-04-25T21:17:59-07:00,1,20
style.css,49,css,fd96cacc,ananyakw,2026-04-25,21:17:59,-07:00,2026-04-25T21:17:59-07:00,1,69
style.css,50,css,fd96cacc,ananyakw,2026-04-25,21:17:59,-07:00,2026-04-25T21:17:59-07:00,0,0
style.css,51,css,fd96cacc,ananyakw,2026-04-25,21:17:59,-07:00,2026-04-25T21:17:59-07:00,0,0
style.css,52,css,fd96cacc,ananyakw,2026-04-25,21:17:59,-07:00,2026-04-25T21:17:59-07:00,0,13
style.css,53,css,fd96cacc,ananyakw,2026-04-25,21:17:59,-07:00,2026-04-25T21:17:59-07:00,1,45
style.css,54,css,fd96cacc,ananyakw,2026-04-25,21:17:59,-07:00,2026-04-25T21:17:59-07:00,1,20
style.css,55,css,fd96cacc,ananyakw,2026-04-25,21:17:59,-07:00,2026-04-25T21:17:59-07:00,0,0
style.css,56,css,fd96cacc,ananyakw,2026-04-25,21:17:59,-07:00,2026-04-25T21:17:59-07:00,0,0
style.css,57,css,fd96cacc,ananyakw,2026-04-25,21:17:59,-07:00,2026-04-25T21:17:59-07:00,0,4
style.css,58,css,fd96cacc,ananyakw,2026-04-25,21:17:59,-07:00,2026-04-25T21:17:59-07:00,1,12
style.css,59,css,fd96cacc,ananyakw,2026-04-25,21:17:59,-07:00,2026-04-25T21:17:59-07:00,1,30
style.css,60,css,fd96cacc,ananyakw,2026-04-25,21:17:59,-07:00,2026-04-25T21:17:59-07:00,1,7
style.css,61,css,fd96cacc,ananyakw,2026-04-25,21:17:59,-07:00,2026-04-25T21:17:59-07:00,1,15
style.css,62,css,fd96cacc,ananyakw,2026-04-25,21:17:59,-07:00,2026-04-25T21:17:59-07:00,0,0
style.css,63,css,fd96cacc,ananyakw,2026-04-25,21:17:59,-07:00,2026-04-25T21:17:59-07:00,0,0
style.css,64,css,fd96cacc,ananyakw,2026-04-25,21:17:59,-07:00,2026-04-25T21:17:59-07:00,0,10
style.css,65,css,fd96cacc,ananyakw,2026-04-25,21:17:59,-07:00,2026-04-25T21:17:59-07:00,1,12
style.css,66,css,fd96cacc,ananyakw,2026-04-25,21:17:59,-07:00,2026-04-25T21:17:59-07:00,1,29
style.css,67,css,fd96cacc,ananyakw,2026-04-25,21:17:59,-07:00,2026-04-25T21:17:59-07:00,1,18
style.css,68,css,fd96cacc,ananyakw,2026-04-25,21:17:59,-07:00,2026-04-25T21:17:59-07:00,0,0
style.css,69,css,fd96cacc,ananyakw,2026-04-25,21:17:59,-07:00,2026-04-25T21:17:59-07:00,0,0
style.css,70,css,fd96cacc,ananyakw,2026-04-25,21:17:59,-07:00,2026-04-25T21:17:59-07:00,0,11
style.css,71,css,fd96cacc,ananyakw,2026-04-25,21:17:59,-07:00,2026-04-25T21:17:59-07:00,1,18
style.css,72,css,fd96cacc,ananyakw,2026-04-25,21:17:59,-07:00,2026-04-25T21:17:59-07:00,0,0
style.css,73,css,fd96cacc,ananyakw,2026-04-25,21:17:59,-07:00,2026-04-25T21:17:59-07:00,0,0
style.css,74,css,fd96cacc,ananyakw,2026-04-25,21:17:59,-07:00,2026-04-25T21:17:59-07:00,0,4
style.css,75,css,fd96cacc,ananyakw,2026-04-25,21:17:59,-07:00,2026-04-25T21:17:59-07:00,0,7
style.css,76,css,fd96cacc,ananyakw,2026-04-25,21:17:59,-07:00,2026-04-25T21:17:59-07:00,0,6
style.css,77,css,fd96cacc,ananyakw,2026-04-25,21:17:59,-07:00,2026-04-25T21:17:59-07:00,1,12
style.css,78,css,fd96cacc,ananyakw,2026-04-25,21:17:59,-07:00,2026-04-25T21:17:59-07:00,1,10
style.css,79,css,fd96cacc,ananyakw,2026-04-25,21:17:59,-07:00,2026-04-25T21:17:59-07:00,1,21
style.css,80,css,fd96cacc,ananyakw,2026-04-25,21:17:59,-07:00,2026-04-25T21:17:59-07:00,1,13
style.css,81,css,fd96cacc,ananyakw,2026-04-25,21:17:59,-07:00,2026-04-25T21:17:59-07:00,0,0
style.css,82,css,fd96cacc,ananyakw,2026-04-25,21:17:59,-07:00,2026-04-25T21:17:59-07:00,0,0
style.css,83,css,fd96cacc,ananyakw,2026-04-25,21:17:59,-07:00,2026-04-25T21:17:59-07:00,0,9
style.css,84,css,fd96cacc,ananyakw,2026-04-25,21:17:59,-07:00,2026-04-25T21:17:59-07:00,1,12
style.css,85,css,fd96cacc,ananyakw,2026-04-25,21:17:59,-07:00,2026-04-25T21:17:59-07:00,1,58
style.css,86,css,fd96cacc,ananyakw,2026-04-25,21:17:59,-07:00,2026-04-25T21:17:59-07:00,1,7
style.css,87,css,fd96cacc,ananyakw,2026-04-25,21:17:59,-07:00,2026-04-25T21:17:59-07:00,1,8
style.css,88,css,fd96cacc,ananyakw,2026-04-25,21:17:59,-07:00,2026-04-25T21:17:59-07:00,1,9
style.css,89,css,fd96cacc,ananyakw,2026-04-25,21:17:59,-07:00,2026-04-25T21:17:59-07:00,0,0
style.css,90,css,fd96cacc,ananyakw,2026-04-25,21:17:59,-07:00,2026-04-25T21:17:59-07:00,0,0
style.css,91,css,fd96cacc,ananyakw,2026-04-25,21:17:59,-07:00,2026-04-25T21:17:59-07:00,0,17
style.css,92,css,fd96cacc,ananyakw,2026-04-25,21:17:59,-07:00,2026-04-25T21:17:59-07:00,1,12
style.css,93,css,fd96cacc,ananyakw,2026-04-25,21:17:59,-07:00,2026-04-25T21:17:59-07:00,1,26
style.css,94,css,a7ba7e03,ananyakw,2026-05-08,15:49:41,-07:00,2026-05-08T15:49:41-07:00,1,15
style.css,95,css,fd96cacc,ananyakw,2026-04-25,21:17:59,-07:00,2026-04-25T21:17:59-07:00,0,0
style.css,96,css,fd96cacc,ananyakw,2026-04-25,21:17:59,-07:00,2026-04-25T21:17:59-07:00,0,0
style.css,97,css,fd96cacc,ananyakw,2026-04-25,21:17:59,-07:00,2026-04-25T21:17:59-07:00,0,19
style.css,98,css,fd96cacc,ananyakw,2026-04-25,21:17:59,-07:00,2026-04-25T21:17:59-07:00,0,20
style.css,99,css,fd96cacc,ananyakw,2026-04-25,21:17:59,-07:00,2026-04-25T21:17:59-07:00,1,8
style.css,100,css,fd96cacc,ananyakw,2026-04-25,21:17:59,-07:00,2026-04-25T21:17:59-07:00,0,0
style.css,101,css,fd96cacc,ananyakw,2026-04-25,21:17:59,-07:00,2026-04-25T21:17:59-07:00,0,0
style.css,102,css,fd96cacc,ananyakw,2026-04-25,21:17:59,-07:00,2026-04-25T21:17:59-07:00,0,21
style.css,103,css,fd96cacc,ananyakw,2026-04-25,21:17:59,-07:00,2026-04-25T21:17:59-07:00,1,10
style.css,104,css,fd96cacc,ananyakw,2026-04-25,21:17:59,-07:00,2026-04-25T21:17:59-07:00,1,19
style.css,105,css,fd96cacc,ananyakw,2026-04-25,21:17:59,-07:00,2026-04-25T21:17:59-07:00,1,16
style.css,106,css,fd96cacc,ananyakw,2026-04-25,21:17:59,-07:00,2026-04-25T21:17:59-07:00,0,0
style.css,107,css,fd96cacc,ananyakw,2026-04-25,21:17:59,-07:00,2026-04-25T21:17:59-07:00,0,0
style.css,108,css,a7ba7e03,ananyakw,2026-05-08,15:49:41,-07:00,2026-05-08T15:49:41-07:00,0,13
style.css,109,css,a7ba7e03,ananyakw,2026-05-08,15:49:41,-07:00,2026-05-08T15:49:41-07:00,1,12
style.css,110,css,a7ba7e03,ananyakw,2026-05-08,15:49:41,-07:00,2026-05-08T15:49:41-07:00,0,0
style.css,111,css,a7ba7e03,ananyakw,2026-05-08,15:49:41,-07:00,2026-05-08T15:49:41-07:00,0,0
style.css,112,css,a7ba7e03,ananyakw,2026-05-08,15:49:41,-07:00,2026-05-08T15:49:41-07:00,0,13
style.css,113,css,a7ba7e03,ananyakw,2026-05-08,15:49:41,-07:00,2026-05-08T15:49:41-07:00,1,8
style.css,114,css,a7ba7e03,ananyakw,2026-05-08,15:49:41,-07:00,2026-05-08T15:49:41-07:00,1,39
style.css,115,css,a7ba7e03,ananyakw,2026-05-08,15:49:41,-07:00,2026-05-08T15:49:41-07:00,1,34
style.css,116,css,a7ba7e03,ananyakw,2026-05-08,15:49:41,-07:00,2026-05-08T15:49:41-07:00,1,49
style.css,117,css,a7ba7e03,ananyakw,2026-05-08,15:49:41,-07:00,2026-05-08T15:49:41-07:00,1,15
style.css,118,css,a7ba7e03,ananyakw,2026-05-08,15:49:41,-07:00,2026-05-08T15:49:41-07:00,0,0
style.css,119,css,a7ba7e03,ananyakw,2026-05-08,15:49:41,-07:00,2026-05-08T15:49:41-07:00,0,0
style.css,120,css,fd96cacc,ananyakw,2026-04-25,21:17:59,-07:00,2026-04-25T21:17:59-07:00,0,11
style.css,121,css,fd96cacc,ananyakw,2026-04-25,21:17:59,-07:00,2026-04-25T21:17:59-07:00,1,15
style.css,122,css,fd96cacc,ananyakw,2026-04-25,21:17:59,-07:00,2026-04-25T21:17:59-07:00,1,17
style.css,123,css,fd96cacc,ananyakw,2026-04-25,21:17:59,-07:00,2026-04-25T21:17:59-07:00,1,13
style.css,124,css,fd96cacc,ananyakw,2026-04-25,21:17:59,-07:00,2026-04-25T21:17:59-07:00,1,18
style.css,125,css,fd96cacc,ananyakw,2026-04-25,21:17:59,-07:00,2026-04-25T21:17:59-07:00,0,0
style.css,126,css,12993656,ananyakw,2026-04-18,21:21:22,-07:00,2026-04-18T21:21:22-07:00,0,0
style.css,127,css,12993656,ananyakw,2026-04-18,21:21:22,-07:00,2026-04-18T21:21:22-07:00,0,13
style.css,128,css,12993656,ananyakw,2026-04-18,21:21:22,-07:00,2026-04-18T21:21:22-07:00,1,17
style.css,129,css,12993656,ananyakw,2026-04-18,21:21:22,-07:00,2026-04-18T21:21:22-07:00,1,8
style.css,130,css,12993656,ananyakw,2026-04-18,21:21:22,-07:00,2026-04-18T21:21:22-07:00,1,10
style.css,131,css,12993656,ananyakw,2026-04-18,21:21:22,-07:00,2026-04-18T21:21:22-07:00,1,13
style.css,132,css,fd96cacc,ananyakw,2026-04-25,21:17:59,-07:00,2026-04-25T21:17:59-07:00,1,19
style.css,133,css,fd96cacc,ananyakw,2026-04-25,21:17:59,-07:00,2026-04-25T21:17:59-07:00,0,0
style.css,134,css,12993656,ananyakw,2026-04-18,21:21:22,-07:00,2026-04-18T21:21:22-07:00,0,0
style.css,135,css,12993656,ananyakw,2026-04-18,21:21:22,-07:00,2026-04-18T21:21:22-07:00,0,20
style.css,136,css,fd96cacc,ananyakw,2026-04-25,21:17:59,-07:00,2026-04-25T21:17:59-07:00,1,12
style.css,137,css,fd96cacc,ananyakw,2026-04-25,21:17:59,-07:00,2026-04-25T21:17:59-07:00,0,0
style.css,138,css,fd96cacc,ananyakw,2026-04-25,21:17:59,-07:00,2026-04-25T21:17:59-07:00,0,0
style.css,139,css,fd96cacc,ananyakw,2026-04-25,21:17:59,-07:00,2026-04-25T21:17:59-07:00,0,17
style.css,140,css,fd96cacc,ananyakw,2026-04-25,21:17:59,-07:00,2026-04-25T21:17:59-07:00,1,12
style.css,141,css,fd96cacc,ananyakw,2026-04-25,21:17:59,-07:00,2026-04-25T21:17:59-07:00,1,36
style.css,142,css,fd96cacc,ananyakw,2026-04-25,21:17:59,-07:00,2026-04-25T21:17:59-07:00,1,13
style.css,143,css,fd96cacc,ananyakw,2026-04-25,21:17:59,-07:00,2026-04-25T21:17:59-07:00,1,8
style.css,144,css,fd96cacc,ananyakw,2026-04-25,21:17:59,-07:00,2026-04-25T21:17:59-07:00,1,11
style.css,145,css,fd96cacc,ananyakw,2026-04-25,21:17:59,-07:00,2026-04-25T21:17:59-07:00,1,63
style.css,146,css,fd96cacc,ananyakw,2026-04-25,21:17:59,-07:00,2026-04-25T21:17:59-07:00,1,19
style.css,147,css,fd96cacc,ananyakw,2026-04-25,21:17:59,-07:00,2026-04-25T21:17:59-07:00,0,0
style.css,148,css,fd96cacc,ananyakw,2026-04-25,21:17:59,-07:00,2026-04-25T21:17:59-07:00,0,0
style.css,149,css,fd96cacc,ananyakw,2026-04-25,21:17:59,-07:00,2026-04-25T21:17:59-07:00,0,17
style.css,150,css,fd96cacc,ananyakw,2026-04-25,21:17:59,-07:00,2026-04-25T21:17:59-07:00,1,10
style.css,151,css,fd96cacc,ananyakw,2026-04-25,21:17:59,-07:00,2026-04-25T21:17:59-07:00,1,16
style.css,152,css,fd96cacc,ananyakw,2026-04-25,21:17:59,-07:00,2026-04-25T21:17:59-07:00,1,16
style.css,153,css,fd96cacc,ananyakw,2026-04-25,21:17:59,-07:00,2026-04-25T21:17:59-07:00,1,24
style.css,154,css,fd96cacc,ananyakw,2026-04-25,21:17:59,-07:00,2026-04-25T21:17:59-07:00,1,21
style.css,155,css,fd96cacc,ananyakw,2026-04-25,21:17:59,-07:00,2026-04-25T21:17:59-07:00,1,62
style.css,156,css,fd96cacc,ananyakw,2026-04-25,21:17:59,-07:00,2026-04-25T21:17:59-07:00,0,0
style.css,157,css,fd96cacc,ananyakw,2026-04-25,21:17:59,-07:00,2026-04-25T21:17:59-07:00,0,0
style.css,158,css,fd96cacc,ananyakw,2026-04-25,21:17:59,-07:00,2026-04-25T21:17:59-07:00,0,17
style.css,159,css,fd96cacc,ananyakw,2026-04-25,21:17:59,-07:00,2026-04-25T21:17:59-07:00,1,10
style.css,160,css,fd96cacc,ananyakw,2026-04-25,21:17:59,-07:00,2026-04-25T21:17:59-07:00,1,8
style.css,161,css,fd96cacc,ananyakw,2026-04-25,21:17:59,-07:00,2026-04-25T21:17:59-07:00,1,13
style.css,162,css,fd96cacc,ananyakw,2026-04-25,21:17:59,-07:00,2026-04-25T21:17:59-07:00,1,16
style.css,163,css,fd96cacc,ananyakw,2026-04-25,21:17:59,-07:00,2026-04-25T21:17:59-07:00,1,25
style.css,164,css,a7ba7e03,ananyakw,2026-05-08,15:49:41,-07:00,2026-05-08T15:49:41-07:00,0,0
style.css,165,css,a7ba7e03,ananyakw,2026-05-08,15:49:41,-07:00,2026-05-08T15:49:41-07:00,0,0
style.css,166,css,a7ba7e03,ananyakw,2026-05-08,15:49:41,-07:00,2026-05-08T15:49:41-07:00,0,18
style.css,167,css,a7ba7e03,ananyakw,2026-05-08,15:49:41,-07:00,2026-05-08T15:49:41-07:00,1,14
style.css,168,css,a7ba7e03,ananyakw,2026-05-08,15:49:41,-07:00,2026-05-08T15:49:41-07:00,1,16
style.css,169,css,a7ba7e03,ananyakw,2026-05-08,15:49:41,-07:00,2026-05-08T15:49:41-07:00,1,13
style.css,170,css,a7ba7e03,ananyakw,2026-05-08,15:49:41,-07:00,2026-05-08T15:49:41-07:00,0,0
style.css,171,css,a7ba7e03,ananyakw,2026-05-08,15:49:41,-07:00,2026-05-08T15:49:41-07:00,0,0
style.css,172,css,a7ba7e03,ananyakw,2026-05-08,15:49:41,-07:00,2026-05-08T15:49:41-07:00,0,23
style.css,173,css,a7ba7e03,ananyakw,2026-05-08,15:49:41,-07:00,2026-05-08T15:49:41-07:00,1,14
style.css,174,css,a7ba7e03,ananyakw,2026-05-08,15:49:41,-07:00,2026-05-08T15:49:41-07:00,1,16
style.css,175,css,a7ba7e03,ananyakw,2026-05-08,15:49:41,-07:00,2026-05-08T15:49:41-07:00,0,0
style.css,176,css,a7ba7e03,ananyakw,2026-05-08,15:49:41,-07:00,2026-05-08T15:49:41-07:00,0,0
style.css,177,css,a7ba7e03,ananyakw,2026-05-08,15:49:41,-07:00,2026-05-08T15:49:41-07:00,0,51
style.css,178,css,a7ba7e03,ananyakw,2026-05-08,15:49:41,-07:00,2026-05-08T15:49:41-07:00,1,11
style.css,179,css,a7ba7e03,ananyakw,2026-05-08,15:49:41,-07:00,2026-05-08T15:49:41-07:00,0,0
style.css,180,css,a7ba7e03,ananyakw,2026-05-08,15:49:41,-07:00,2026-05-08T15:49:41-07:00,0,0
style.css,181,css,a7ba7e03,ananyakw,2026-05-08,15:49:41,-07:00,2026-05-08T15:49:41-07:00,0,32
style.css,182,css,a7ba7e03,ananyakw,2026-05-08,15:49:41,-07:00,2026-05-08T15:49:41-07:00,1,32
style.css,183,css,a7ba7e03,ananyakw,2026-05-08,15:49:41,-07:00,2026-05-08T15:49:41-07:00,0,0
style.css,184,css,a7ba7e03,ananyakw,2026-05-08,15:49:41,-07:00,2026-05-08T15:49:41-07:00,0,0
style.css,185,css,a7ba7e03,ananyakw,2026-05-08,15:49:41,-07:00,2026-05-08T15:49:41-07:00,0,14
style.css,186,css,a7ba7e03,ananyakw,2026-05-08,15:49:41,-07:00,2026-05-08T15:49:41-07:00,1,12
style.css,187,css,a7ba7e03,ananyakw,2026-05-08,15:49:41,-07:00,2026-05-08T15:49:41-07:00,1,18
style.css,188,css,a7ba7e03,ananyakw,2026-05-08,15:49:41,-07:00,2026-05-08T15:49:41-07:00,1,7
style.css,189,css,a7ba7e03,ananyakw,2026-05-08,15:49:41,-07:00,2026-05-08T15:49:41-07:00,1,14
style.css,190,css,a7ba7e03,ananyakw,2026-05-08,15:49:41,-07:00,2026-05-08T15:49:41-07:00,1,16
style.css,191,css,a7ba7e03,ananyakw,2026-05-08,15:49:41,-07:00,2026-05-08T15:49:41-07:00,0,0
style.css,192,css,a7ba7e03,ananyakw,2026-05-08,15:49:41,-07:00,2026-05-08T15:49:41-07:00,0,0
style.css,193,css,a7ba7e03,ananyakw,2026-05-08,15:49:41,-07:00,2026-05-08T15:49:41-07:00,0,7
style.css,194,css,a7ba7e03,ananyakw,2026-05-08,15:49:41,-07:00,2026-05-08T15:49:41-07:00,1,6
style.css,195,css,a7ba7e03,ananyakw,2026-05-08,15:49:41,-07:00,2026-05-08T15:49:41-07:00,1,12
style.css,196,css,a7ba7e03,ananyakw,2026-05-08,15:49:41,-07:00,2026-05-08T15:49:41-07:00,1,57
style.css,197,css,a7ba7e03,ananyakw,2026-05-08,15:49:41,-07:00,2026-05-08T15:49:41-07:00,1,10
style.css,198,css,a7ba7e03,ananyakw,2026-05-08,15:49:41,-07:00,2026-05-08T15:49:41-07:00,1,15
style.css,199,css,a7ba7e03,ananyakw,2026-05-08,15:49:41,-07:00,2026-05-08T15:49:41-07:00,1,8
style.css,200,css,a7ba7e03,ananyakw,2026-05-08,15:49:41,-07:00,2026-05-08T15:49:41-07:00,1,11
style.css,201,css,a7ba7e03,ananyakw,2026-05-08,15:49:41,-07:00,2026-05-08T15:49:41-07:00,1,60
style.css,202,css,a7ba7e03,ananyakw,2026-05-08,15:49:41,-07:00,2026-05-08T15:49:41-07:00,1,19
style.css,203,css,a7ba7e03,ananyakw,2026-05-08,15:49:41,-07:00,2026-05-08T15:49:41-07:00,0,0
style.css,204,css,a7ba7e03,ananyakw,2026-05-08,15:49:41,-07:00,2026-05-08T15:49:41-07:00,0,0
style.css,205,css,a7ba7e03,ananyakw,2026-05-08,15:49:41,-07:00,2026-05-08T15:49:41-07:00,0,12
style.css,206,css,a7ba7e03,ananyakw,2026-05-08,15:49:41,-07:00,2026-05-08T15:49:41-07:00,1,12
style.css,207,css,a7ba7e03,ananyakw,2026-05-08,15:49:41,-07:00,2026-05-08T15:49:41-07:00,1,18
style.css,208,css,a7ba7e03,ananyakw,2026-05-08,15:49:41,-07:00,2026-05-08T15:49:41-07:00,1,9
style.css,209,css,a7ba7e03,ananyakw,2026-05-08,15:49:41,-07:00,2026-05-08T15:49:41-07:00,1,14
style.css,210,css,a7ba7e03,ananyakw,2026-05-08,15:49:41,-07:00,2026-05-08T15:49:41-07:00,1,24
style.css,211,css,a7ba7e03,ananyakw,2026-05-08,15:49:41,-07:00,2026-05-08T15:49:41-07:00,0,0
style.css,212,css,a7ba7e03,ananyakw,2026-05-08,15:49:41,-07:00,2026-05-08T15:49:41-07:00,0,0
style.css,213,css,a7ba7e03,ananyakw,2026-05-08,15:49:41,-07:00,2026-05-08T15:49:41-07:00,0,21
style.css,214,css,a7ba7e03,ananyakw,2026-05-08,15:49:41,-07:00,2026-05-08T15:49:41-07:00,1,35
style.css,215,css,a7ba7e03,ananyakw,2026-05-08,15:49:41,-07:00,2026-05-08T15:49:41-07:00,0,0
style.css,216,css,a7ba7e03,ananyakw,2026-05-08,15:49:41,-07:00,2026-05-08T15:49:41-07:00,0,0
style.css,217,css,a7ba7e03,ananyakw,2026-05-08,15:49:41,-07:00,2026-05-08T15:49:41-07:00,0,7
style.css,218,css,a7ba7e03,ananyakw,2026-05-08,15:49:41,-07:00,2026-05-08T15:49:41-07:00,1,20
style.css,219,css,a7ba7e03,ananyakw,2026-05-08,15:49:41,-07:00,2026-05-08T15:49:41-07:00,1,9
style.css,220,css,a7ba7e03,ananyakw,2026-05-08,15:49:41,-07:00,2026-05-08T15:49:41-07:00,1,18
style.css,221,css,a7ba7e03,ananyakw,2026-05-08,15:49:41,-07:00,2026-05-08T15:49:41-07:00,1,17
style.css,222,css,a7ba7e03,ananyakw,2026-05-08,15:49:41,-07:00,2026-05-08T15:49:41-07:00,1,29
style.css,223,css,a7ba7e03,ananyakw,2026-05-08,15:49:41,-07:00,2026-05-08T15:49:41-07:00,1,13
style.css,224,css,a7ba7e03,ananyakw,2026-05-08,15:49:41,-07:00,2026-05-08T15:49:41-07:00,0,0
style.css,225,css,a7ba7e03,ananyakw,2026-05-08,15:49:41,-07:00,2026-05-08T15:49:41-07:00,0,0
style.css,226,css,a7ba7e03,ananyakw,2026-05-08,15:49:41,-07:00,2026-05-08T15:49:41-07:00,0,10
style.css,227,css,a7ba7e03,ananyakw,2026-05-08,15:49:41,-07:00,2026-05-08T15:49:41-07:00,1,13
style.css,228,css,a7ba7e03,ananyakw,2026-05-08,15:49:41,-07:00,2026-05-08T15:49:41-07:00,1,10
style.css,229,css,a7ba7e03,ananyakw,2026-05-08,15:49:41,-07:00,2026-05-08T15:49:41-07:00,1,14
style.css,230,css,a7ba7e03,ananyakw,2026-05-08,15:49:41,-07:00,2026-05-08T15:49:41-07:00,1,16
style.css,231,css,a7ba7e03,ananyakw,2026-05-08,15:49:41,-07:00,2026-05-08T15:49:41-07:00,1,20
style.css,232,css,a7ba7e03,ananyakw,2026-05-08,15:49:41,-07:00,2026-05-08T15:49:41-07:00,1,12
style.css,233,css,a7ba7e03,ananyakw,2026-05-08,15:49:41,-07:00,2026-05-08T15:49:41-07:00,1,60
style.css,234,css,a7ba7e03,ananyakw,2026-05-08,15:49:41,-07:00,2026-05-08T15:49:41-07:00,1,19
style.css,235,css,a7ba7e03,ananyakw,2026-05-08,15:49:41,-07:00,2026-05-08T15:49:41-07:00,1,21
style.css,236,css,00000000,Not Committed Yet,2026-05-08,16:33:37,-07:00,2026-05-08T16:33:37-07:00,0,0
style.css,237,css,00000000,Not Committed Yet,2026-05-08,16:33:37,-07:00,2026-05-08T16:33:37-07:00,0,0
style.css,238,css,00000000,Not Committed Yet,2026-05-08,16:33:37,-07:00,2026-05-08T16:33:37-07:00,0,8
style.css,239,css,00000000,Not Committed Yet,2026-05-08,16:33:37,-07:00,2026-05-08T16:33:37-07:00,1,12
style.css,240,css,00000000,Not Committed Yet,2026-05-08,16:33:37,-07:00,2026-05-08T16:33:37-07:00,1,30
style.css,241,css,00000000,Not Committed Yet,2026-05-08,16:33:37,-07:00,2026-05-08T16:33:37-07:00,1,15
style.css,242,css,00000000,Not Committed Yet,2026-05-08,16:33:37,-07:00,2026-05-08T16:33:37-07:00,1,8
style.css,243,css,00000000,Not Committed Yet,2026-05-08,16:33:37,-07:00,2026-05-08T16:33:37-07:00,1,11
style.css,244,css,00000000,Not Committed Yet,2026-05-08,16:33:37,-07:00,2026-05-08T16:33:37-07:00,1,63
style.css,245,css,00000000,Not Committed Yet,2026-05-08,16:33:37,-07:00,2026-05-08T16:33:37-07:00,1,19
style.css,246,css,00000000,Not Committed Yet,2026-05-08,16:33:37,-07:00,2026-05-08T16:33:37-07:00,0,0
style.css,247,css,00000000,Not Committed Yet,2026-05-08,16:33:37,-07:00,2026-05-08T16:33:37-07:00,0,0
style.css,248,css,00000000,Not Committed Yet,2026-05-08,16:33:37,-07:00,2026-05-08T16:33:37-07:00,0,11
style.css,249,css,00000000,Not Committed Yet,2026-05-08,16:33:37,-07:00,2026-05-08T16:33:37-07:00,1,16
style.css,250,css,00000000,Not Committed Yet,2026-05-08,16:33:37,-07:00,2026-05-08T16:33:37-07:00,1,16
style.css,251,css,00000000,Not Committed Yet,2026-05-08,16:33:37,-07:00,2026-05-08T16:33:37-07:00,1,24
style.css,252,css,00000000,Not Committed Yet,2026-05-08,16:33:37,-07:00,2026-05-08T16:33:37-07:00,1,21
style.css,253,css,00000000,Not Committed Yet,2026-05-08,16:33:37,-07:00,2026-05-08T16:33:37-07:00,1,62
style.css,254,css,00000000,Not Committed Yet,2026-05-08,16:33:37,-07:00,2026-05-08T16:33:37-07:00,1,8
style.css,255,css,00000000,Not Committed Yet,2026-05-08,16:33:37,-07:00,2026-05-08T16:33:37-07:00,0,0
style.css,256,css,00000000,Not Committed Yet,2026-05-08,16:33:37,-07:00,2026-05-08T16:33:37-07:00,0,0
style.css,257,css,00000000,Not Committed Yet,2026-05-08,16:33:37,-07:00,2026-05-08T16:33:37-07:00,0,11
style.css,258,css,00000000,Not Committed Yet,2026-05-08,16:33:37,-07:00,2026-05-08T16:33:37-07:00,1,8
style.css,259,css,00000000,Not Committed Yet,2026-05-08,16:33:37,-07:00,2026-05-08T16:33:37-07:00,1,13
style.css,260,css,00000000,Not Committed Yet,2026-05-08,16:33:37,-07:00,2026-05-08T16:33:37-07:00,1,15
style.css,261,css,00000000,Not Committed Yet,2026-05-08,16:33:37,-07:00,2026-05-08T16:33:37-07:00,1,16
style.css,262,css,00000000,Not Committed Yet,2026-05-08,16:33:37,-07:00,2026-05-08T16:33:37-07:00,0,0
style.css,263,css,00000000,Not Committed Yet,2026-05-08,16:33:37,-07:00,2026-05-08T16:33:37-07:00,0,0
style.css,264,css,00000000,Not Committed Yet,2026-05-08,16:33:37,-07:00,2026-05-08T16:33:37-07:00,0,7
style.css,265,css,00000000,Not Committed Yet,2026-05-08,16:33:37,-07:00,2026-05-08T16:33:37-07:00,1,12
style.css,266,css,00000000,Not Committed Yet,2026-05-08,16:33:37,-07:00,2026-05-08T16:33:37-07:00,1,30
style.css,267,css,00000000,Not Committed Yet,2026-05-08,16:33:37,-07:00,2026-05-08T16:33:37-07:00,1,13
style.css,268,css,00000000,Not Committed Yet,2026-05-08,16:33:37,-07:00,2026-05-08T16:33:37-07:00,1,8
style.css,269,css,00000000,Not Committed Yet,2026-05-08,16:33:37,-07:00,2026-05-08T16:33:37-07:00,0,0
style.css,270,css,00000000,Not Committed Yet,2026-05-08,16:33:37,-07:00,2026-05-08T16:33:37-07:00,0,0
style.css,271,css,00000000,Not Committed Yet,2026-05-08,16:33:37,-07:00,2026-05-08T16:33:37-07:00,0,10
style.css,272,css,00000000,Not Committed Yet,2026-05-08,16:33:37,-07:00,2026-05-08T16:33:37-07:00,1,15
style.css,273,css,00000000,Not Committed Yet,2026-05-08,16:33:37,-07:00,2026-05-08T16:33:37-07:00,1,24
style.css,274,css,00000000,Not Committed Yet,2026-05-08,16:33:37,-07:00,2026-05-08T16:33:37-07:00,1,21
style.css,275,css,00000000,Not Committed Yet,2026-05-08,16:33:37,-07:00,2026-05-08T16:33:37-07:00,1,49
style.css,276,css,00000000,Not Committed Yet,2026-05-08,16:33:37,-07:00,2026-05-08T16:33:37-07:00,1,8
style.css,277,css,00000000,Not Committed Yet,2026-05-08,16:33:37,-07:00,2026-05-08T16:33:37-07:00,0,0
style.css,278,css,00000000,Not Committed Yet,2026-05-08,16:33:37,-07:00,2026-05-08T16:33:37-07:00,0,0
style.css,279,css,00000000,Not Committed Yet,2026-05-08,16:33:37,-07:00,2026-05-08T16:33:37-07:00,0,10
style.css,280,css,00000000,Not Committed Yet,2026-05-08,16:33:37,-07:00,2026-05-08T16:33:37-07:00,1,8
style.css,281,css,00000000,Not Committed Yet,2026-05-08,16:33:37,-07:00,2026-05-08T16:33:37-07:00,1,15
style.css,282,css,00000000,Not Committed Yet,2026-05-08,16:33:37,-07:00,2026-05-08T16:33:37-07:00,1,20
style.css,283,css,00000000,Not Committed Yet,2026-05-08,16:33:37,-07:00,2026-05-08T16:33:37-07:00,0,0
style.css,284,css,00000000,Not Committed Yet,2026-05-08,16:33:37,-07:00,2026-05-08T16:33:37-07:00,0,0
style.css,285,css,00000000,Not Committed Yet,2026-05-08,16:33:37,-07:00,2026-05-08T16:33:37-07:00,0,8
style.css,286,css,00000000,Not Committed Yet,2026-05-08,16:33:37,-07:00,2026-05-08T16:33:37-07:00,1,14
style.css,287,css,00000000,Not Committed Yet,2026-05-08,16:33:37,-07:00,2026-05-08T16:33:37-07:00,1,7
style.css,288,css,00000000,Not Committed Yet,2026-05-08,16:33:37,-07:00,2026-05-08T16:33:37-07:00,1,8
style.css,289,css,00000000,Not Committed Yet,2026-05-08,16:33:37,-07:00,2026-05-08T16:33:37-07:00,1,55
style.css,290,css,00000000,Not Committed Yet,2026-05-08,16:33:37,-07:00,2026-05-08T16:33:37-07:00,1,42
style.css,291,css,00000000,Not Committed Yet,2026-05-08,16:33:37,-07:00,2026-05-08T16:33:37-07:00,1,19
style.css,292,css,00000000,Not Committed Yet,2026-05-08,16:33:37,-07:00,2026-05-08T16:33:37-07:00,1,18
style.css,293,css,00000000,Not Committed Yet,2026-05-08,16:33:37,-07:00,2026-05-08T16:33:37-07:00,1,19
style.css,294,css,00000000,Not Committed Yet,2026-05-08,16:33:37,-07:00,2026-05-08T16:33:37-07:00,1,11
style.css,295,css,00000000,Not Committed Yet,2026-05-08,16:33:37,-07:00,2026-05-08T16:33:37-07:00,1,25
style.css,296,css,00000000,Not Committed Yet,2026-05-08,16:33:37,-07:00,2026-05-08T16:33:37-07:00,1,25
style.css,297,css,00000000,Not Committed Yet,2026-05-08,16:33:37,-07:00,2026-05-08T16:33:37-07:00,1,39
style.css,298,css,00000000,Not Committed Yet,2026-05-08,16:33:37,-07:00,2026-05-08T16:33:37-07:00,0,0
style.css,299,css,00000000,Not Committed Yet,2026-05-08,16:33:37,-07:00,2026-05-08T16:33:37-07:00,0,0
style.css,300,css,00000000,Not Committed Yet,2026-05-08,16:33:37,-07:00,2026-05-08T16:33:37-07:00,0,42
style.css,301,css,00000000,Not Committed Yet,2026-05-08,16:33:37,-07:00,2026-05-08T16:33:37-07:00,1,9
style.css,302,css,00000000,Not Committed Yet,2026-05-08,16:33:37,-07:00,2026-05-08T16:33:37-07:00,1,17
style.css,303,css,00000000,Not Committed Yet,2026-05-08,16:33:37,-07:00,2026-05-08T16:33:37-07:00,0,0
style.css,304,css,00000000,Not Committed Yet,2026-05-08,16:33:37,-07:00,2026-05-08T16:33:37-07:00,0,0
style.css,305,css,00000000,Not Committed Yet,2026-05-08,16:33:37,-07:00,2026-05-08T16:33:37-07:00,0,10
style.css,306,css,00000000,Not Committed Yet,2026-05-08,16:33:37,-07:00,2026-05-08T16:33:37-07:00,1,10
style.css,307,css,00000000,Not Committed Yet,2026-05-08,16:33:37,-07:00,2026-05-08T16:33:37-07:00,1,11
style.css,308,css,00000000,Not Committed Yet,2026-05-08,16:33:37,-07:00,2026-05-08T16:33:37-07:00,0,0
style.css,309,css,00000000,Not Committed Yet,2026-05-08,16:33:37,-07:00,2026-05-08T16:33:37-07:00,0,0
style.css,310,css,00000000,Not Committed Yet,2026-05-08,16:33:37,-07:00,2026-05-08T16:33:37-07:00,0,6
style.css,311,css,00000000,Not Committed Yet,2026-05-08,16:33:37,-07:00,2026-05-08T16:33:37-07:00,1,16
style.css,312,css,00000000,Not Committed Yet,2026-05-08,16:33:37,-07:00,2026-05-08T16:33:37-07:00,1,23
style.css,313,css,00000000,Not Committed Yet,2026-05-08,16:33:37,-07:00,2026-05-08T16:33:37-07:00,1,22
style.css,314,css,00000000,Not Committed Yet,2026-05-08,16:33:37,-07:00,2026-05-08T16:33:37-07:00,0,0
style.css,315,css,00000000,Not Committed Yet,2026-05-08,16:33:37,-07:00,2026-05-08T16:33:37-07:00,0,0
style.css,316,css,00000000,Not Committed Yet,2026-05-08,16:33:37,-07:00,2026-05-08T16:33:37-07:00,0,12
style.css,317,css,00000000,Not Committed Yet,2026-05-08,16:33:37,-07:00,2026-05-08T16:33:37-07:00,1,20
style.css,318,css,00000000,Not Committed Yet,2026-05-08,16:33:37,-07:00,2026-05-08T16:33:37-07:00,0,0
style.css,319,css,00000000,Not Committed Yet,2026-05-08,16:33:37,-07:00,2026-05-08T16:33:37-07:00,0,0
style.css,320,css,00000000,Not Committed Yet,2026-05-08,16:33:37,-07:00,2026-05-08T16:33:37-07:00,0,15
style.css,321,css,00000000,Not Committed Yet,2026-05-08,16:33:37,-07:00,2026-05-08T16:33:37-07:00,1,21
style.css,322,css,00000000,Not Committed Yet,2026-05-08,16:33:37,-07:00,2026-05-08T16:33:37-07:00,0,0
style.css,323,css,00000000,Not Committed Yet,2026-05-08,16:33:37,-07:00,2026-05-08T16:33:37-07:00,0,0
style.css,324,css,00000000,Not Committed Yet,2026-05-08,16:33:37,-07:00,2026-05-08T16:33:37-07:00,0,15
style.css,325,css,00000000,Not Committed Yet,2026-05-08,16:33:37,-07:00,2026-05-08T16:33:37-07:00,1,50
style.css,326,css,00000000,Not Committed Yet,2026-05-08,16:33:37,-07:00,2026-05-08T16:33:37-07:00,1,20
style.css,327,css,00000000,Not Committed Yet,2026-05-08,16:33:37,-07:00,2026-05-08T16:33:37-07:00,0,0
style.css,328,css,00000000,Not Committed Yet,2026-05-08,16:33:37,-07:00,2026-05-08T16:33:37-07:00,0,0
style.css,329,css,00000000,Not Committed Yet,2026-05-08,16:33:37,-07:00,2026-05-08T16:33:37-07:00,0,15
style.css,330,css,00000000,Not Committed Yet,2026-05-08,16:33:37,-07:00,2026-05-08T16:33:37-07:00,1,12
style.css,331,css,00000000,Not Committed Yet,2026-05-08,16:33:37,-07:00,2026-05-08T16:33:37-07:00,0,0
style.css,332,css,00000000,Not Committed Yet,2026-05-08,16:33:37,-07:00,2026-05-08T16:33:37-07:00,0,0
style.css,333,css,00000000,Not Committed Yet,2026-05-08,16:33:37,-07:00,2026-05-08T16:33:37-07:00,0,24
style.css,334,css,00000000,Not Committed Yet,2026-05-08,16:33:37,-07:00,2026-05-08T16:33:37-07:00,1,27
style.css,335,css,00000000,Not Committed Yet,2026-05-08,16:33:37,-07:00,2026-05-08T16:33:37-07:00,0,0
style.css,336,css,00000000,Not Committed Yet,2026-05-08,16:33:37,-07:00,2026-05-08T16:33:37-07:00,0,0
style.css,337,css,00000000,Not Committed Yet,2026-05-08,16:33:37,-07:00,2026-05-08T16:33:37-07:00,0,10
style.css,338,css,00000000,Not Committed Yet,2026-05-08,16:33:37,-07:00,2026-05-08T16:33:37-07:00,1,16
style.css,339,css,00000000,Not Committed Yet,2026-05-08,16:33:37,-07:00,2026-05-08T16:33:37-07:00,1,17
style.css,340,css,00000000,Not Committed Yet,2026-05-08,16:33:37,-07:00,2026-05-08T16:33:37-07:00,1,18
style.css,341,css,00000000,Not Committed Yet,2026-05-08,16:33:37,-07:00,2026-05-08T16:33:37-07:00,1,20
style.css,342,css,00000000,Not Committed Yet,2026-05-08,16:33:37,-07:00,2026-05-08T16:33:37-07:00,1,42
style.css,343,css,00000000,Not Committed Yet,2026-05-08,16:33:37,-07:00,2026-05-08T16:33:37-07:00,0,0
style.css,344,css,00000000,Not Committed Yet,2026-05-08,16:33:37,-07:00,2026-05-08T16:33:37-07:00,0,0
style.css,345,css,00000000,Not Committed Yet,2026-05-08,16:33:37,-07:00,2026-05-08T16:33:37-07:00,0,19
style.css,346,css,00000000,Not Committed Yet,2026-05-08,16:33:37,-07:00,2026-05-08T16:33:37-07:00,1,14
style.css,347,css,00000000,Not Committed Yet,2026-05-08,16:33:37,-07:00,2026-05-08T16:33:37-07:00,0,0
style.css,348,css,00000000,Not Committed Yet,2026-05-08,16:33:37,-07:00,2026-05-08T16:33:37-07:00,0,0
style.css,349,css,00000000,Not Committed Yet,2026-05-08,16:33:37,-07:00,2026-05-08T16:33:37-07:00,0,16
style.css,350,css,00000000,Not Committed Yet,2026-05-08,16:33:37,-07:00,2026-05-08T16:33:37-07:00,1,15
style.css,351,css,00000000,Not Committed Yet,2026-05-08,16:33:37,-07:00,2026-05-08T16:33:37-07:00,1,14
style.css,352,css,fd96cacc,ananyakw,2026-04-25,21:17:59,-07:00,2026-04-25T21:17:59-07:00,0,0
index.js,1,js,6ed80cb9,ananyakw,2026-04-25,21:23:02,-07:00,2026-04-25T21:23:02-07:00,0,82
index.js,2,js,fd96cacc,ananyakw,2026-04-25,21:17:59,-07:00,2026-04-25T21:17:59-07:00,0,0
index.js,3,js,6ed80cb9,ananyakw,2026-04-25,21:23:02,-07:00,2026-04-25T21:23:02-07:00,0,64
index.js,4,js,fd96cacc,ananyakw,2026-04-25,21:17:59,-07:00,2026-04-25T21:17:59-07:00,0,42
index.js,5,js,fd96cacc,ananyakw,2026-04-25,21:17:59,-07:00,2026-04-25T21:17:59-07:00,0,0
index.js,6,js,fd96cacc,ananyakw,2026-04-25,21:17:59,-07:00,2026-04-25T21:17:59-07:00,0,60
index.js,7,js,fd96cacc,ananyakw,2026-04-25,21:17:59,-07:00,2026-04-25T21:17:59-07:00,0,54
index.js,8,js,fd96cacc,ananyakw,2026-04-25,21:17:59,-07:00,2026-04-25T21:17:59-07:00,0,0
index.js,9,js,fd96cacc,ananyakw,2026-04-25,21:17:59,-07:00,2026-04-25T21:17:59-07:00,0,51
index.js,10,js,fd96cacc,ananyakw,2026-04-25,21:17:59,-07:00,2026-04-25T21:17:59-07:00,0,0
index.js,11,js,fd96cacc,ananyakw,2026-04-25,21:17:59,-07:00,2026-04-25T21:17:59-07:00,0,60
index.js,12,js,fd96cacc,ananyakw,2026-04-25,21:17:59,-07:00,2026-04-25T21:17:59-07:00,0,17
index.js,13,js,fd96cacc,ananyakw,2026-04-25,21:17:59,-07:00,2026-04-25T21:17:59-07:00,1,24
index.js,14,js,fd96cacc,ananyakw,2026-04-25,21:17:59,-07:00,2026-04-25T21:17:59-07:00,2,2
index.js,15,js,fd96cacc,ananyakw,2026-04-25,21:17:59,-07:00,2026-04-25T21:17:59-07:00,3,54
index.js,16,js,fd96cacc,ananyakw,2026-04-25,21:17:59,-07:00,2026-04-25T21:17:59-07:00,3,54
index.js,17,js,fd96cacc,ananyakw,2026-04-25,21:17:59,-07:00,2026-04-25T21:17:59-07:00,3,48
index.js,18,js,fd96cacc,ananyakw,2026-04-25,21:17:59,-07:00,2026-04-25T21:17:59-07:00,3,48
index.js,19,js,fd96cacc,ananyakw,2026-04-25,21:17:59,-07:00,2026-04-25T21:17:59-07:00,2,3
index.js,20,js,fd96cacc,ananyakw,2026-04-25,21:17:59,-07:00,2026-04-25T21:17:59-07:00,1,0
index.js,21,js,fd96cacc,ananyakw,2026-04-25,21:17:59,-07:00,2026-04-25T21:17:59-07:00,0,0
index.html,1,html,22df8e1b,ananyakw,2026-04-03,20:03:36,-07:00,2026-04-03T20:03:36-07:00,0,13
index.html,2,html,22df8e1b,ananyakw,2026-04-03,20:03:36,-07:00,2026-04-03T20:03:36-07:00,0,14
index.html,3,html,22df8e1b,ananyakw,2026-04-03,20:03:36,-07:00,2026-04-03T20:03:36-07:00,0,4
index.html,4,html,22df8e1b,ananyakw,2026-04-03,20:03:36,-07:00,2026-04-03T20:03:36-07:00,1,20
index.html,5,html,22df8e1b,ananyakw,2026-04-03,20:03:36,-07:00,2026-04-03T20:03:36-07:00,1,68
index.html,6,html,a0926427,ananyakw,2026-05-08,15:56:05,-07:00,2026-05-08T15:56:05-07:00,1,47
index.html,7,html,a0926427,ananyakw,2026-05-08,15:56:05,-07:00,2026-05-08T15:56:05-07:00,1,38
index.html,8,html,22df8e1b,ananyakw,2026-04-03,20:03:36,-07:00,2026-04-03T20:03:36-07:00,0,5
index.html,9,html,a7ba7e03,ananyakw,2026-05-08,15:49:41,-07:00,2026-05-08T15:49:41-07:00,0,4
index.html,10,html,a0926427,ananyakw,2026-05-08,15:56:05,-07:00,2026-05-08T15:56:05-07:00,0,0
index.html,11,html,22df8e1b,ananyakw,2026-04-03,20:03:36,-07:00,2026-04-03T20:03:36-07:00,1,4
index.html,12,html,a0926427,ananyakw,2026-05-08,15:56:05,-07:00,2026-05-08T15:56:05-07:00,2,82
index.html,13,html,22df8e1b,ananyakw,2026-04-03,20:03:36,-07:00,2026-04-03T20:03:36-07:00,0,0
index.html,14,html,a0926427,ananyakw,2026-05-08,15:56:05,-07:00,2026-05-08T15:56:05-07:00,2,20
index.html,15,html,a0926427,ananyakw,2026-05-08,15:56:05,-07:00,2026-05-08T15:56:05-07:00,2,137
index.html,16,html,fd96cacc,ananyakw,2026-04-25,21:17:59,-07:00,2026-04-25T21:17:59-07:00,0,0
index.html,17,html,a0926427,ananyakw,2026-05-08,15:56:05,-07:00,2026-05-08T15:56:05-07:00,2,7
index.html,18,html,a0926427,ananyakw,2026-05-08,15:56:05,-07:00,2026-05-08T15:56:05-07:00,3,27
index.html,19,html,a0926427,ananyakw,2026-05-08,15:56:05,-07:00,2026-05-08T15:56:05-07:00,3,22
index.html,20,html,a0926427,ananyakw,2026-05-08,15:56:05,-07:00,2026-05-08T15:56:05-07:00,3,4
index.html,21,html,a0926427,ananyakw,2026-05-08,15:56:05,-07:00,2026-05-08T15:56:05-07:00,2,8
index.html,22,html,fd96cacc,ananyakw,2026-04-25,21:17:59,-07:00,2026-04-25T21:17:59-07:00,0,0
index.html,23,html,a0926427,ananyakw,2026-05-08,15:56:05,-07:00,2026-05-08T15:56:05-07:00,2,7
index.html,24,html,a0926427,ananyakw,2026-05-08,15:56:05,-07:00,2026-05-08T15:56:05-07:00,3,22
index.html,25,html,a0926427,ananyakw,2026-05-08,15:56:05,-07:00,2026-05-08T15:56:05-07:00,3,20
index.html,26,html,a0926427,ananyakw,2026-05-08,15:56:05,-07:00,2026-05-08T15:56:05-07:00,3,4
index.html,27,html,a0926427,ananyakw,2026-05-08,15:56:05,-07:00,2026-05-08T15:56:05-07:00,2,8
index.html,28,html,22df8e1b,ananyakw,2026-04-03,20:03:36,-07:00,2026-04-03T20:03:36-07:00,1,5
index.html,29,html,fd96cacc,ananyakw,2026-04-25,21:17:59,-07:00,2026-04-25T21:17:59-07:00,0,0
index.html,30,html,a0926427,ananyakw,2026-05-08,15:56:05,-07:00,2026-05-08T15:56:05-07:00,1,45
index.html,31,html,a0926427,ananyakw,2026-05-08,15:56:05,-07:00,2026-05-08T15:56:05-07:00,1,50
index.html,32,html,a0926427,ananyakw,2026-05-08,15:56:05,-07:00,2026-05-08T15:56:05-07:00,0,0
index.html,33,html,22df8e1b,ananyakw,2026-04-03,20:03:36,-07:00,2026-04-03T20:03:36-07:00,0,5
index.html,34,html,22df8e1b,ananyakw,2026-04-03,20:03:36,-07:00,2026-04-03T20:03:36-07:00,0,5
global.js,1,js,12993656,ananyakw,2026-04-18,21:21:22,-07:00,2026-04-18T21:21:22-07:00,0,25
global.js,2,js,12993656,ananyakw,2026-04-18,21:21:22,-07:00,2026-04-18T21:21:22-07:00,0,0
global.js,3,js,12993656,ananyakw,2026-04-18,21:21:22,-07:00,2026-04-18T21:21:22-07:00,0,41
global.js,4,js,fd96cacc,ananyakw,2026-04-25,21:17:59,-07:00,2026-04-25T21:17:59-07:00,1,52
global.js,5,js,fd96cacc,ananyakw,2026-04-25,21:17:59,-07:00,2026-04-25T21:17:59-07:00,0,0
global.js,6,js,12993656,ananyakw,2026-04-18,21:21:22,-07:00,2026-04-18T21:21:22-07:00,0,0
global.js,7,js,6ed80cb9,ananyakw,2026-04-25,21:23:02,-07:00,2026-04-25T21:23:02-07:00,0,95
global.js,8,js,12993656,ananyakw,2026-04-18,21:21:22,-07:00,2026-04-18T21:21:22-07:00,1,3
global.js,9,js,12993656,ananyakw,2026-04-18,21:21:22,-07:00,2026-04-18T21:21:22-07:00,1,14
global.js,10,js,12993656,ananyakw,2026-04-18,21:21:22,-07:00,2026-04-18T21:21:22-07:00,0,0
global.js,11,js,fd96cacc,ananyakw,2026-04-25,21:17:59,-07:00,2026-04-25T21:17:59-07:00,0,11
global.js,12,js,12993656,ananyakw,2026-04-18,21:21:22,-07:00,2026-04-18T21:21:22-07:00,1,25
global.js,13,js,12993656,ananyakw,2026-04-18,21:21:22,-07:00,2026-04-18T21:21:22-07:00,1,38
global.js,14,js,12993656,ananyakw,2026-04-18,21:21:22,-07:00,2026-04-18T21:21:22-07:00,1,36
global.js,15,js,12993656,ananyakw,2026-04-18,21:21:22,-07:00,2026-04-18T21:21:22-07:00,1,26
global.js,16,js,fd96cacc,ananyakw,2026-04-25,21:17:59,-07:00,2026-04-25T21:17:59-07:00,1,56
global.js,17,js,fd96cacc,ananyakw,2026-04-25,21:17:59,-07:00,2026-04-25T21:17:59-07:00,0,0
global.js,18,js,12993656,ananyakw,2026-04-18,21:21:22,-07:00,2026-04-18T21:21:22-07:00,0,0
global.js,19,js,12993656,ananyakw,2026-04-18,21:21:22,-07:00,2026-04-18T21:21:22-07:00,0,38
global.js,20,js,12993656,ananyakw,2026-04-18,21:21:22,-07:00,2026-04-18T21:21:22-07:00,0,25
global.js,21,js,12993656,ananyakw,2026-04-18,21:21:22,-07:00,2026-04-18T21:21:22-07:00,0,0
global.js,22,js,12993656,ananyakw,2026-04-18,21:21:22,-07:00,2026-04-18T21:21:22-07:00,0,20
global.js,23,js,12993656,ananyakw,2026-04-18,21:21:22,-07:00,2026-04-18T21:21:22-07:00,1,14
global.js,24,js,12993656,ananyakw,2026-04-18,21:21:22,-07:00,2026-04-18T21:21:22-07:00,1,18
global.js,25,js,12993656,ananyakw,2026-04-18,21:21:22,-07:00,2026-04-18T21:21:22-07:00,0,0
global.js,26,js,12993656,ananyakw,2026-04-18,21:21:22,-07:00,2026-04-18T21:21:22-07:00,1,28
global.js,27,js,fd96cacc,ananyakw,2026-04-25,21:17:59,-07:00,2026-04-25T21:17:59-07:00,2,20
global.js,28,js,fd96cacc,ananyakw,2026-04-25,21:17:59,-07:00,2026-04-25T21:17:59-07:00,1,0
global.js,29,js,12993656,ananyakw,2026-04-18,21:21:22,-07:00,2026-04-18T21:21:22-07:00,0,0
global.js,30,js,12993656,ananyakw,2026-04-18,21:21:22,-07:00,2026-04-18T21:21:22-07:00,1,34
global.js,31,js,12993656,ananyakw,2026-04-18,21:21:22,-07:00,2026-04-18T21:21:22-07:00,1,11
global.js,32,js,12993656,ananyakw,2026-04-18,21:21:22,-07:00,2026-04-18T21:21:22-07:00,1,20
global.js,33,js,12993656,ananyakw,2026-04-18,21:21:22,-07:00,2026-04-18T21:21:22-07:00,0,0
global.js,34,js,12993656,ananyakw,2026-04-18,21:21:22,-07:00,2026-04-18T21:21:22-07:00,1,90
global.js,35,js,12993656,ananyakw,2026-04-18,21:21:22,-07:00,2026-04-18T21:21:22-07:00,0,0
global.js,36,js,12993656,ananyakw,2026-04-18,21:21:22,-07:00,2026-04-18T21:21:22-07:00,1,29
global.js,37,js,fd96cacc,ananyakw,2026-04-25,21:17:59,-07:00,2026-04-25T21:17:59-07:00,2,18
global.js,38,js,fd96cacc,ananyakw,2026-04-25,21:17:59,-07:00,2026-04-25T21:17:59-07:00,1,0
global.js,39,js,12993656,ananyakw,2026-04-18,21:21:22,-07:00,2026-04-18T21:21:22-07:00,0,0
global.js,40,js,fd96cacc,ananyakw,2026-04-25,21:17:59,-07:00,2026-04-25T21:17:59-07:00,1,12
global.js,41,js,fd96cacc,ananyakw,2026-04-25,21:17:59,-07:00,2026-04-25T21:17:59-07:00,0,0
global.js,42,js,12993656,ananyakw,2026-04-18,21:21:22,-07:00,2026-04-18T21:21:22-07:00,0,0
global.js,43,js,12993656,ananyakw,2026-04-18,21:21:22,-07:00,2026-04-18T21:21:22-07:00,0,31
global.js,44,js,12993656,ananyakw,2026-04-18,21:21:22,-07:00,2026-04-18T21:21:22-07:00,1,11
global.js,45,js,12993656,ananyakw,2026-04-18,21:21:22,-07:00,2026-04-18T21:21:22-07:00,1,27
global.js,46,js,12993656,ananyakw,2026-04-18,21:21:22,-07:00,2026-04-18T21:21:22-07:00,2,4
global.js,47,js,12993656,ananyakw,2026-04-18,21:21:22,-07:00,2026-04-18T21:21:22-07:00,2,6
global.js,48,js,12993656,ananyakw,2026-04-18,21:21:22,-07:00,2026-04-18T21:21:22-07:00,3,43
global.js,49,js,12993656,ananyakw,2026-04-18,21:21:22,-07:00,2026-04-18T21:21:22-07:00,3,34
global.js,50,js,12993656,ananyakw,2026-04-18,21:21:22,-07:00,2026-04-18T21:21:22-07:00,3,32
global.js,51,js,12993656,ananyakw,2026-04-18,21:21:22,-07:00,2026-04-18T21:21:22-07:00,2,7
global.js,52,js,fd96cacc,ananyakw,2026-04-25,21:17:59,-07:00,2026-04-25T21:17:59-07:00,1,7
global.js,53,js,fd96cacc,ananyakw,2026-04-25,21:17:59,-07:00,2026-04-25T21:17:59-07:00,0,0
global.js,54,js,12993656,ananyakw,2026-04-18,21:21:22,-07:00,2026-04-18T21:21:22-07:00,0,0
global.js,55,js,12993656,ananyakw,2026-04-18,21:21:22,-07:00,2026-04-18T21:21:22-07:00,0,58
global.js,56,js,12993656,ananyakw,2026-04-18,21:21:22,-07:00,2026-04-18T21:21:22-07:00,0,0
global.js,57,js,12993656,ananyakw,2026-04-18,21:21:22,-07:00,2026-04-18T21:21:22-07:00,0,34
global.js,58,js,12993656,ananyakw,2026-04-18,21:21:22,-07:00,2026-04-18T21:21:22-07:00,1,38
global.js,59,js,fd96cacc,ananyakw,2026-04-25,21:17:59,-07:00,2026-04-25T21:17:59-07:00,1,83
global.js,60,js,fd96cacc,ananyakw,2026-04-25,21:17:59,-07:00,2026-04-25T21:17:59-07:00,0,0
global.js,61,js,12993656,ananyakw,2026-04-18,21:21:22,-07:00,2026-04-18T21:21:22-07:00,0,0
global.js,62,js,12993656,ananyakw,2026-04-18,21:21:22,-07:00,2026-04-18T21:21:22-07:00,0,49
global.js,63,js,12993656,ananyakw,2026-04-18,21:21:22,-07:00,2026-04-18T21:21:22-07:00,1,77
global.js,64,js,fd96cacc,ananyakw,2026-04-25,21:17:59,-07:00,2026-04-25T21:17:59-07:00,1,44
global.js,65,js,fd96cacc,ananyakw,2026-04-25,21:17:59,-07:00,2026-04-25T21:17:59-07:00,0,1
global.js,66,js,3084bc3d,ananyakw,2026-04-18,21:27:46,-07:00,2026-04-18T21:27:46-07:00,0,0
global.js,67,js,3084bc3d,ananyakw,2026-04-18,21:27:46,-07:00,2026-04-18T21:27:46-07:00,0,40
global.js,68,js,3084bc3d,ananyakw,2026-04-18,21:27:46,-07:00,2026-04-18T21:27:46-07:00,0,0
global.js,69,js,3084bc3d,ananyakw,2026-04-18,21:27:46,-07:00,2026-04-18T21:27:46-07:00,0,49
global.js,70,js,3084bc3d,ananyakw,2026-04-18,21:27:46,-07:00,2026-04-18T21:27:46-07:00,1,21
global.js,71,js,3084bc3d,ananyakw,2026-04-18,21:27:46,-07:00,2026-04-18T21:27:46-07:00,0,0
global.js,72,js,3084bc3d,ananyakw,2026-04-18,21:27:46,-07:00,2026-04-18T21:27:46-07:00,1,28
global.js,73,js,3084bc3d,ananyakw,2026-04-18,21:27:46,-07:00,2026-04-18T21:27:46-07:00,1,26
global.js,74,js,3084bc3d,ananyakw,2026-04-18,21:27:46,-07:00,2026-04-18T21:27:46-07:00,1,14
global.js,75,js,3084bc3d,ananyakw,2026-04-18,21:27:46,-07:00,2026-04-18T21:27:46-07:00,0,0
global.js,76,js,3084bc3d,ananyakw,2026-04-18,21:27:46,-07:00,2026-04-18T21:27:46-07:00,1,31
global.js,77,js,3084bc3d,ananyakw,2026-04-18,21:27:46,-07:00,2026-04-18T21:27:46-07:00,2,50
global.js,78,js,3084bc3d,ananyakw,2026-04-18,21:27:46,-07:00,2026-04-18T21:27:46-07:00,1,0
global.js,79,js,3084bc3d,ananyakw,2026-04-18,21:27:46,-07:00,2026-04-18T21:27:46-07:00,0,0
global.js,80,js,3084bc3d,ananyakw,2026-04-18,21:27:46,-07:00,2026-04-18T21:27:46-07:00,1,22
global.js,81,js,3084bc3d,ananyakw,2026-04-18,21:27:46,-07:00,2026-04-18T21:27:46-07:00,1,18
global.js,82,js,3084bc3d,ananyakw,2026-04-18,21:27:46,-07:00,2026-04-18T21:27:46-07:00,0,1
global.js,83,js,fd96cacc,ananyakw,2026-04-25,21:17:59,-07:00,2026-04-25T21:17:59-07:00,0,0
global.js,84,js,fd96cacc,ananyakw,2026-04-25,21:17:59,-07:00,2026-04-25T21:17:59-07:00,0,36
global.js,85,js,fd96cacc,ananyakw,2026-04-25,21:17:59,-07:00,2026-04-25T21:17:59-07:00,1,3
global.js,86,js,fd96cacc,ananyakw,2026-04-25,21:17:59,-07:00,2026-04-25T21:17:59-07:00,2,32
global.js,87,js,fd96cacc,ananyakw,2026-04-25,21:17:59,-07:00,2026-04-25T21:17:59-07:00,0,0
global.js,88,js,fd96cacc,ananyakw,2026-04-25,21:17:59,-07:00,2026-04-25T21:17:59-07:00,2,17
global.js,89,js,fd96cacc,ananyakw,2026-04-25,21:17:59,-07:00,2026-04-25T21:17:59-07:00,3,66
global.js,90,js,fd96cacc,ananyakw,2026-04-25,21:17:59,-07:00,2026-04-25T21:17:59-07:00,2,0
global.js,91,js,fd96cacc,ananyakw,2026-04-25,21:17:59,-07:00,2026-04-25T21:17:59-07:00,0,0
global.js,92,js,fd96cacc,ananyakw,2026-04-25,21:17:59,-07:00,2026-04-25T21:17:59-07:00,2,33
global.js,93,js,fd96cacc,ananyakw,2026-04-25,21:17:59,-07:00,2026-04-25T21:17:59-07:00,2,10
global.js,94,js,fd96cacc,ananyakw,2026-04-25,21:17:59,-07:00,2026-04-25T21:17:59-07:00,1,15
global.js,95,js,fd96cacc,ananyakw,2026-04-25,21:17:59,-07:00,2026-04-25T21:17:59-07:00,2,59
global.js,96,js,fd96cacc,ananyakw,2026-04-25,21:17:59,-07:00,2026-04-25T21:17:59-07:00,1,0
global.js,97,js,fd96cacc,ananyakw,2026-04-25,21:17:59,-07:00,2026-04-25T21:17:59-07:00,0,0
global.js,98,js,fd96cacc,ananyakw,2026-04-25,21:17:59,-07:00,2026-04-25T21:17:59-07:00,0,0
global.js,99,js,fd96cacc,ananyakw,2026-04-25,21:17:59,-07:00,2026-04-25T21:17:59-07:00,0,79
global.js,100,js,fd96cacc,ananyakw,2026-04-25,21:17:59,-07:00,2026-04-25T21:17:59-07:00,1,22
global.js,101,js,fd96cacc,ananyakw,2026-04-25,21:17:59,-07:00,2026-04-25T21:17:59-07:00,2,69
global.js,102,js,fd96cacc,ananyakw,2026-04-25,21:17:59,-07:00,2026-04-25T21:17:59-07:00,2,5
global.js,103,js,fd96cacc,ananyakw,2026-04-25,21:17:59,-07:00,2026-04-25T21:17:59-07:00,1,0
global.js,104,js,fd96cacc,ananyakw,2026-04-25,21:17:59,-07:00,2026-04-25T21:17:59-07:00,0,0
global.js,105,js,fd96cacc,ananyakw,2026-04-25,21:17:59,-07:00,2026-04-25T21:17:59-07:00,1,30
global.js,106,js,fd96cacc,ananyakw,2026-04-25,21:17:59,-07:00,2026-04-25T21:17:59-07:00,0,0
global.js,107,js,fd96cacc,ananyakw,2026-04-25,21:17:59,-07:00,2026-04-25T21:17:59-07:00,1,39
global.js,108,js,fd96cacc,ananyakw,2026-04-25,21:17:59,-07:00,2026-04-25T21:17:59-07:00,2,60
global.js,109,js,fd96cacc,ananyakw,2026-04-25,21:17:59,-07:00,2026-04-25T21:17:59-07:00,2,5
global.js,110,js,fd96cacc,ananyakw,2026-04-25,21:17:59,-07:00,2026-04-25T21:17:59-07:00,1,0
global.js,111,js,fd96cacc,ananyakw,2026-04-25,21:17:59,-07:00,2026-04-25T21:17:59-07:00,0,0
global.js,112,js,fd96cacc,ananyakw,2026-04-25,21:17:59,-07:00,2026-04-25T21:17:59-07:00,1,31
global.js,113,js,fd96cacc,ananyakw,2026-04-25,21:17:59,-07:00,2026-04-25T21:17:59-07:00,2,48
global.js,114,js,fd96cacc,ananyakw,2026-04-25,21:17:59,-07:00,2026-04-25T21:17:59-07:00,0,0
global.js,115,js,fd96cacc,ananyakw,2026-04-25,21:17:59,-07:00,2026-04-25T21:17:59-07:00,2,19
global.js,116,js,fd96cacc,ananyakw,2026-04-25,21:17:59,-07:00,2026-04-25T21:17:59-07:00,3,49
global.js,117,js,348eb6da,ananyakw,2026-05-08,16:12:28,-07:00,2026-05-08T16:12:28-07:00,3,80
global.js,118,js,a7ba7e03,ananyakw,2026-05-08,15:49:41,-07:00,2026-05-08T15:49:41-07:00,3,24
global.js,119,js,a7ba7e03,ananyakw,2026-05-08,15:49:41,-07:00,2026-05-08T15:49:41-07:00,4,27
global.js,120,js,a7ba7e03,ananyakw,2026-05-08,15:49:41,-07:00,2026-05-08T15:49:41-07:00,4,59
global.js,121,js,a7ba7e03,ananyakw,2026-05-08,15:49:41,-07:00,2026-05-08T15:49:41-07:00,3,4
global.js,122,js,fd96cacc,ananyakw,2026-04-25,21:17:59,-07:00,2026-04-25T21:17:59-07:00,2,0
global.js,123,js,fd96cacc,ananyakw,2026-04-25,21:17:59,-07:00,2026-04-25T21:17:59-07:00,0,0
global.js,124,js,fd96cacc,ananyakw,2026-04-25,21:17:59,-07:00,2026-04-25T21:17:59-07:00,2,36
global.js,125,js,fd96cacc,ananyakw,2026-04-25,21:17:59,-07:00,2026-04-25T21:17:59-07:00,1,0
global.js,126,js,fd96cacc,ananyakw,2026-04-25,21:17:59,-07:00,2026-04-25T21:17:59-07:00,0,0
global.js,127,js,fd96cacc,ananyakw,2026-04-25,21:17:59,-07:00,2026-04-25T21:17:59-07:00,0,0
global.js,128,js,fd96cacc,ananyakw,2026-04-25,21:17:59,-07:00,2026-04-25T21:17:59-07:00,0,47
global.js,129,js,fd96cacc,ananyakw,2026-04-25,21:17:59,-07:00,2026-04-25T21:17:59-07:00,1,59
global.js,130,js,a7ba7e03,ananyakw,2026-05-08,15:49:41,-07:00,2026-05-08T15:49:41-07:00,0,0
projects/projects.js,1,js,6ed80cb9,ananyakw,2026-04-25,21:23:02,-07:00,2026-04-25T21:23:02-07:00,0,66
projects/projects.js,2,js,a7ba7e03,ananyakw,2026-05-08,15:49:41,-07:00,2026-05-08T15:49:41-07:00,0,63
projects/projects.js,3,js,6ed80cb9,ananyakw,2026-04-25,21:23:02,-07:00,2026-04-25T21:23:02-07:00,0,0
projects/projects.js,4,js,6ed80cb9,ananyakw,2026-04-25,21:23:02,-07:00,2026-04-25T21:23:02-07:00,0,64
projects/projects.js,5,js,fd96cacc,ananyakw,2026-04-25,21:17:59,-07:00,2026-04-25T21:17:59-07:00,0,0
projects/projects.js,6,js,fd96cacc,ananyakw,2026-04-25,21:17:59,-07:00,2026-04-25T21:17:59-07:00,0,62
projects/projects.js,7,js,fd96cacc,ananyakw,2026-04-25,21:17:59,-07:00,2026-04-25T21:17:59-07:00,0,18
projects/projects.js,8,js,fd96cacc,ananyakw,2026-04-25,21:17:59,-07:00,2026-04-25T21:17:59-07:00,1,58
projects/projects.js,9,js,fd96cacc,ananyakw,2026-04-25,21:17:59,-07:00,2026-04-25T21:17:59-07:00,0,0
projects/projects.js,10,js,6ed80cb9,ananyakw,2026-04-25,21:23:02,-07:00,2026-04-25T21:23:02-07:00,0,0
projects/projects.js,11,js,fd96cacc,ananyakw,2026-04-25,21:17:59,-07:00,2026-04-25T21:17:59-07:00,0,60
projects/projects.js,12,js,a7ba7e03,ananyakw,2026-05-08,15:49:41,-07:00,2026-05-08T15:49:41-07:00,0,0
projects/projects.js,13,js,a7ba7e03,ananyakw,2026-05-08,15:49:41,-07:00,2026-05-08T15:49:41-07:00,0,59
projects/projects.js,14,js,a7ba7e03,ananyakw,2026-05-08,15:49:41,-07:00,2026-05-08T15:49:41-07:00,0,49
projects/projects.js,15,js,a7ba7e03,ananyakw,2026-05-08,15:49:41,-07:00,2026-05-08T15:49:41-07:00,0,0
projects/projects.js,16,js,a7ba7e03,ananyakw,2026-05-08,15:49:41,-07:00,2026-05-08T15:49:41-07:00,0,21
projects/projects.js,17,js,a7ba7e03,ananyakw,2026-05-08,15:49:41,-07:00,2026-05-08T15:49:41-07:00,0,13
projects/projects.js,18,js,a7ba7e03,ananyakw,2026-05-08,15:49:41,-07:00,2026-05-08T15:49:41-07:00,0,0
projects/projects.js,19,js,a7ba7e03,ananyakw,2026-05-08,15:49:41,-07:00,2026-05-08T15:49:41-07:00,0,38
projects/projects.js,20,js,a7ba7e03,ananyakw,2026-05-08,15:49:41,-07:00,2026-05-08T15:49:41-07:00,1,36
projects/projects.js,21,js,a7ba7e03,ananyakw,2026-05-08,15:49:41,-07:00,2026-05-08T15:49:41-07:00,1,28
projects/projects.js,22,js,a7ba7e03,ananyakw,2026-05-08,15:49:41,-07:00,2026-05-08T15:49:41-07:00,2,12
projects/projects.js,23,js,a7ba7e03,ananyakw,2026-05-08,15:49:41,-07:00,2026-05-08T15:49:41-07:00,2,14
projects/projects.js,24,js,a7ba7e03,ananyakw,2026-05-08,15:49:41,-07:00,2026-05-08T15:49:41-07:00,2,12
projects/projects.js,25,js,a7ba7e03,ananyakw,2026-05-08,15:49:41,-07:00,2026-05-08T15:49:41-07:00,1,0
projects/projects.js,26,js,a7ba7e03,ananyakw,2026-05-08,15:49:41,-07:00,2026-05-08T15:49:41-07:00,0,0
projects/projects.js,27,js,a7ba7e03,ananyakw,2026-05-08,15:49:41,-07:00,2026-05-08T15:49:41-07:00,1,47
projects/projects.js,28,js,a7ba7e03,ananyakw,2026-05-08,15:49:41,-07:00,2026-05-08T15:49:41-07:00,2,11
projects/projects.js,29,js,a7ba7e03,ananyakw,2026-05-08,15:49:41,-07:00,2026-05-08T15:49:41-07:00,2,10
projects/projects.js,30,js,a7ba7e03,ananyakw,2026-05-08,15:49:41,-07:00,2026-05-08T15:49:41-07:00,1,2
projects/projects.js,31,js,a7ba7e03,ananyakw,2026-05-08,15:49:41,-07:00,2026-05-08T15:49:41-07:00,0,0
projects/projects.js,32,js,a7ba7e03,ananyakw,2026-05-08,15:49:41,-07:00,2026-05-08T15:49:41-07:00,1,42
projects/projects.js,33,js,a7ba7e03,ananyakw,2026-05-08,15:49:41,-07:00,2026-05-08T15:49:41-07:00,1,29
projects/projects.js,34,js,a7ba7e03,ananyakw,2026-05-08,15:49:41,-07:00,2026-05-08T15:49:41-07:00,0,0
projects/projects.js,35,js,a7ba7e03,ananyakw,2026-05-08,15:49:41,-07:00,2026-05-08T15:49:41-07:00,1,34
projects/projects.js,36,js,a7ba7e03,ananyakw,2026-05-08,15:49:41,-07:00,2026-05-08T15:49:41-07:00,1,30
projects/projects.js,37,js,a7ba7e03,ananyakw,2026-05-08,15:49:41,-07:00,2026-05-08T15:49:41-07:00,0,0
projects/projects.js,38,js,a7ba7e03,ananyakw,2026-05-08,15:49:41,-07:00,2026-05-08T15:49:41-07:00,1,28
projects/projects.js,39,js,a7ba7e03,ananyakw,2026-05-08,15:49:41,-07:00,2026-05-08T15:49:41-07:00,0,0
projects/projects.js,40,js,a7ba7e03,ananyakw,2026-05-08,15:49:41,-07:00,2026-05-08T15:49:41-07:00,1,52
projects/projects.js,41,js,a7ba7e03,ananyakw,2026-05-08,15:49:41,-07:00,2026-05-08T15:49:41-07:00,1,35
projects/projects.js,42,js,a7ba7e03,ananyakw,2026-05-08,15:49:41,-07:00,2026-05-08T15:49:41-07:00,1,47
projects/projects.js,43,js,a7ba7e03,ananyakw,2026-05-08,15:49:41,-07:00,2026-05-08T15:49:41-07:00,0,0
projects/projects.js,44,js,a7ba7e03,ananyakw,2026-05-08,15:49:41,-07:00,2026-05-08T15:49:41-07:00,1,24
projects/projects.js,45,js,a7ba7e03,ananyakw,2026-05-08,15:49:41,-07:00,2026-05-08T15:49:41-07:00,2,1
projects/projects.js,46,js,a7ba7e03,ananyakw,2026-05-08,15:49:41,-07:00,2026-05-08T15:49:41-07:00,3,13
projects/projects.js,47,js,a7ba7e03,ananyakw,2026-05-08,15:49:41,-07:00,2026-05-08T15:49:41-07:00,3,13
projects/projects.js,48,js,a7ba7e03,ananyakw,2026-05-08,15:49:41,-07:00,2026-05-08T15:49:41-07:00,3,22
projects/projects.js,49,js,a7ba7e03,ananyakw,2026-05-08,15:49:41,-07:00,2026-05-08T15:49:41-07:00,3,51
projects/projects.js,50,js,a7ba7e03,ananyakw,2026-05-08,15:49:41,-07:00,2026-05-08T15:49:41-07:00,3,20
projects/projects.js,51,js,a7ba7e03,ananyakw,2026-05-08,15:49:41,-07:00,2026-05-08T15:49:41-07:00,3,21
projects/projects.js,52,js,a7ba7e03,ananyakw,2026-05-08,15:49:41,-07:00,2026-05-08T15:49:41-07:00,3,96
projects/projects.js,53,js,a7ba7e03,ananyakw,2026-05-08,15:49:41,-07:00,2026-05-08T15:49:41-07:00,3,18
projects/projects.js,54,js,a7ba7e03,ananyakw,2026-05-08,15:49:41,-07:00,2026-05-08T15:49:41-07:00,4,43
projects/projects.js,55,js,a7ba7e03,ananyakw,2026-05-08,15:49:41,-07:00,2026-05-08T15:49:41-07:00,0,0
projects/projects.js,56,js,a7ba7e03,ananyakw,2026-05-08,15:49:41,-07:00,2026-05-08T15:49:41-07:00,4,1
projects/projects.js,57,js,a7ba7e03,ananyakw,2026-05-08,15:49:41,-07:00,2026-05-08T15:49:41-07:00,5,16
projects/projects.js,58,js,a7ba7e03,ananyakw,2026-05-08,15:49:41,-07:00,2026-05-08T15:49:41-07:00,5,68
projects/projects.js,59,js,a7ba7e03,ananyakw,2026-05-08,15:49:41,-07:00,2026-05-08T15:49:41-07:00,0,0
projects/projects.js,60,js,a7ba7e03,ananyakw,2026-05-08,15:49:41,-07:00,2026-05-08T15:49:41-07:00,4,4
projects/projects.js,61,js,a7ba7e03,ananyakw,2026-05-08,15:49:41,-07:00,2026-05-08T15:49:41-07:00,5,14
projects/projects.js,62,js,a7ba7e03,ananyakw,2026-05-08,15:49:41,-07:00,2026-05-08T15:49:41-07:00,5,24
projects/projects.js,63,js,a7ba7e03,ananyakw,2026-05-08,15:49:41,-07:00,2026-05-08T15:49:41-07:00,6,54
projects/projects.js,64,js,a7ba7e03,ananyakw,2026-05-08,15:49:41,-07:00,2026-05-08T15:49:41-07:00,5,0
projects/projects.js,65,js,a7ba7e03,ananyakw,2026-05-08,15:49:41,-07:00,2026-05-08T15:49:41-07:00,0,0
projects/projects.js,66,js,a7ba7e03,ananyakw,2026-05-08,15:49:41,-07:00,2026-05-08T15:49:41-07:00,4,25
projects/projects.js,67,js,a7ba7e03,ananyakw,2026-05-08,15:49:41,-07:00,2026-05-08T15:49:41-07:00,5,37
projects/projects.js,68,js,a7ba7e03,ananyakw,2026-05-08,15:49:41,-07:00,2026-05-08T15:49:41-07:00,5,48
projects/projects.js,69,js,a7ba7e03,ananyakw,2026-05-08,15:49:41,-07:00,2026-05-08T15:49:41-07:00,4,6
projects/projects.js,70,js,a7ba7e03,ananyakw,2026-05-08,15:49:41,-07:00,2026-05-08T15:49:41-07:00,5,42
projects/projects.js,71,js,a7ba7e03,ananyakw,2026-05-08,15:49:41,-07:00,2026-05-08T15:49:41-07:00,5,44
projects/projects.js,72,js,a7ba7e03,ananyakw,2026-05-08,15:49:41,-07:00,2026-05-08T15:49:41-07:00,6,42
projects/projects.js,73,js,a7ba7e03,ananyakw,2026-05-08,15:49:41,-07:00,2026-05-08T15:49:41-07:00,5,0
projects/projects.js,74,js,a7ba7e03,ananyakw,2026-05-08,15:49:41,-07:00,2026-05-08T15:49:41-07:00,5,48
projects/projects.js,75,js,a7ba7e03,ananyakw,2026-05-08,15:49:41,-07:00,2026-05-08T15:49:41-07:00,4,0
projects/projects.js,76,js,a7ba7e03,ananyakw,2026-05-08,15:49:41,-07:00,2026-05-08T15:49:41-07:00,3,1
projects/projects.js,77,js,a7ba7e03,ananyakw,2026-05-08,15:49:41,-07:00,2026-05-08T15:49:41-07:00,1,1
projects/projects.js,78,js,a7ba7e03,ananyakw,2026-05-08,15:49:41,-07:00,2026-05-08T15:49:41-07:00,0,0
projects/projects.js,79,js,a7ba7e03,ananyakw,2026-05-08,15:49:41,-07:00,2026-05-08T15:49:41-07:00,1,22
projects/projects.js,80,js,a7ba7e03,ananyakw,2026-05-08,15:49:41,-07:00,2026-05-08T15:49:41-07:00,2,4
projects/projects.js,81,js,a7ba7e03,ananyakw,2026-05-08,15:49:41,-07:00,2026-05-08T15:49:41-07:00,3,11
projects/projects.js,82,js,a7ba7e03,ananyakw,2026-05-08,15:49:41,-07:00,2026-05-08T15:49:41-07:00,3,68
projects/projects.js,83,js,a7ba7e03,ananyakw,2026-05-08,15:49:41,-07:00,2026-05-08T15:49:41-07:00,3,36
projects/projects.js,84,js,a7ba7e03,ananyakw,2026-05-08,15:49:41,-07:00,2026-05-08T15:49:41-07:00,3,68
projects/projects.js,85,js,a7ba7e03,ananyakw,2026-05-08,15:49:41,-07:00,2026-05-08T15:49:41-07:00,3,18
projects/projects.js,86,js,a7ba7e03,ananyakw,2026-05-08,15:49:41,-07:00,2026-05-08T15:49:41-07:00,4,43
projects/projects.js,87,js,a7ba7e03,ananyakw,2026-05-08,15:49:41,-07:00,2026-05-08T15:49:41-07:00,4,36
projects/projects.js,88,js,a7ba7e03,ananyakw,2026-05-08,15:49:41,-07:00,2026-05-08T15:49:41-07:00,0,0
projects/projects.js,89,js,a7ba7e03,ananyakw,2026-05-08,15:49:41,-07:00,2026-05-08T15:49:41-07:00,4,25
projects/projects.js,90,js,a7ba7e03,ananyakw,2026-05-08,15:49:41,-07:00,2026-05-08T15:49:41-07:00,5,61
projects/projects.js,91,js,a7ba7e03,ananyakw,2026-05-08,15:49:41,-07:00,2026-05-08T15:49:41-07:00,4,6
projects/projects.js,92,js,a7ba7e03,ananyakw,2026-05-08,15:49:41,-07:00,2026-05-08T15:49:41-07:00,5,42
projects/projects.js,93,js,a7ba7e03,ananyakw,2026-05-08,15:49:41,-07:00,2026-05-08T15:49:41-07:00,5,44
projects/projects.js,94,js,a7ba7e03,ananyakw,2026-05-08,15:49:41,-07:00,2026-05-08T15:49:41-07:00,6,42
projects/projects.js,95,js,a7ba7e03,ananyakw,2026-05-08,15:49:41,-07:00,2026-05-08T15:49:41-07:00,5,0
projects/projects.js,96,js,a7ba7e03,ananyakw,2026-05-08,15:49:41,-07:00,2026-05-08T15:49:41-07:00,5,48
projects/projects.js,97,js,a7ba7e03,ananyakw,2026-05-08,15:49:41,-07:00,2026-05-08T15:49:41-07:00,4,0
projects/projects.js,98,js,a7ba7e03,ananyakw,2026-05-08,15:49:41,-07:00,2026-05-08T15:49:41-07:00,3,1
projects/projects.js,99,js,a7ba7e03,ananyakw,2026-05-08,15:49:41,-07:00,2026-05-08T15:49:41-07:00,1,1
projects/projects.js,100,js,a7ba7e03,ananyakw,2026-05-08,15:49:41,-07:00,2026-05-08T15:49:41-07:00,0,0
projects/projects.js,101,js,a7ba7e03,ananyakw,2026-05-08,15:49:41,-07:00,2026-05-08T15:49:41-07:00,0,0
projects/projects.js,102,js,a7ba7e03,ananyakw,2026-05-08,15:49:41,-07:00,2026-05-08T15:49:41-07:00,0,33
projects/projects.js,103,js,a7ba7e03,ananyakw,2026-05-08,15:49:41,-07:00,2026-05-08T15:49:41-07:00,1,29
projects/projects.js,104,js,a7ba7e03,ananyakw,2026-05-08,15:49:41,-07:00,2026-05-08T15:49:41-07:00,1,38
projects/projects.js,105,js,a7ba7e03,ananyakw,2026-05-08,15:49:41,-07:00,2026-05-08T15:49:41-07:00,2,61
projects/projects.js,106,js,a7ba7e03,ananyakw,2026-05-08,15:49:41,-07:00,2026-05-08T15:49:41-07:00,2,42
projects/projects.js,107,js,a7ba7e03,ananyakw,2026-05-08,15:49:41,-07:00,2026-05-08T15:49:41-07:00,1,1
projects/projects.js,108,js,a7ba7e03,ananyakw,2026-05-08,15:49:41,-07:00,2026-05-08T15:49:41-07:00,0,0
projects/projects.js,109,js,a7ba7e03,ananyakw,2026-05-08,15:49:41,-07:00,2026-05-08T15:49:41-07:00,0,0
projects/projects.js,110,js,a7ba7e03,ananyakw,2026-05-08,15:49:41,-07:00,2026-05-08T15:49:41-07:00,0,48
projects/projects.js,111,js,a7ba7e03,ananyakw,2026-05-08,15:49:41,-07:00,2026-05-08T15:49:41-07:00,0,23
projects/projects.js,112,js,a7ba7e03,ananyakw,2026-05-08,15:49:41,-07:00,2026-05-08T15:49:41-07:00,0,0
projects/projects.js,113,js,a7ba7e03,ananyakw,2026-05-08,15:49:41,-07:00,2026-05-08T15:49:41-07:00,0,55
projects/projects.js,114,js,a7ba7e03,ananyakw,2026-05-08,15:49:41,-07:00,2026-05-08T15:49:41-07:00,0,0
projects/projects.js,115,js,a7ba7e03,ananyakw,2026-05-08,15:49:41,-07:00,2026-05-08T15:49:41-07:00,0,48
projects/projects.js,116,js,a7ba7e03,ananyakw,2026-05-08,15:49:41,-07:00,2026-05-08T15:49:41-07:00,1,25
projects/projects.js,117,js,a7ba7e03,ananyakw,2026-05-08,15:49:41,-07:00,2026-05-08T15:49:41-07:00,0,0
projects/projects.js,118,js,a7ba7e03,ananyakw,2026-05-08,15:49:41,-07:00,2026-05-08T15:49:41-07:00,1,37
projects/projects.js,119,js,a7ba7e03,ananyakw,2026-05-08,15:49:41,-07:00,2026-05-08T15:49:41-07:00,0,0
projects/projects.js,120,js,a7ba7e03,ananyakw,2026-05-08,15:49:41,-07:00,2026-05-08T15:49:41-07:00,1,23
projects/projects.js,121,js,a7ba7e03,ananyakw,2026-05-08,15:49:41,-07:00,2026-05-08T15:49:41-07:00,0,0
projects/projects.js,122,js,a7ba7e03,ananyakw,2026-05-08,15:49:41,-07:00,2026-05-08T15:49:41-07:00,1,25
projects/projects.js,123,js,a7ba7e03,ananyakw,2026-05-08,15:49:41,-07:00,2026-05-08T15:49:41-07:00,2,48
projects/projects.js,124,js,a7ba7e03,ananyakw,2026-05-08,15:49:41,-07:00,2026-05-08T15:49:41-07:00,1,6
projects/projects.js,125,js,a7ba7e03,ananyakw,2026-05-08,15:49:41,-07:00,2026-05-08T15:49:41-07:00,2,70
projects/projects.js,126,js,a7ba7e03,ananyakw,2026-05-08,15:49:41,-07:00,2026-05-08T15:49:41-07:00,2,78
projects/projects.js,127,js,a7ba7e03,ananyakw,2026-05-08,15:49:41,-07:00,2026-05-08T15:49:41-07:00,0,0
projects/projects.js,128,js,a7ba7e03,ananyakw,2026-05-08,15:49:41,-07:00,2026-05-08T15:49:41-07:00,2,32
projects/projects.js,129,js,a7ba7e03,ananyakw,2026-05-08,15:49:41,-07:00,2026-05-08T15:49:41-07:00,3,42
projects/projects.js,130,js,a7ba7e03,ananyakw,2026-05-08,15:49:41,-07:00,2026-05-08T15:49:41-07:00,3,37
projects/projects.js,131,js,a7ba7e03,ananyakw,2026-05-08,15:49:41,-07:00,2026-05-08T15:49:41-07:00,4,42
projects/projects.js,132,js,a7ba7e03,ananyakw,2026-05-08,15:49:41,-07:00,2026-05-08T15:49:41-07:00,3,0
projects/projects.js,133,js,a7ba7e03,ananyakw,2026-05-08,15:49:41,-07:00,2026-05-08T15:49:41-07:00,3,54
projects/projects.js,134,js,a7ba7e03,ananyakw,2026-05-08,15:49:41,-07:00,2026-05-08T15:49:41-07:00,2,6
projects/projects.js,135,js,a7ba7e03,ananyakw,2026-05-08,15:49:41,-07:00,2026-05-08T15:49:41-07:00,3,17
projects/projects.js,136,js,a7ba7e03,ananyakw,2026-05-08,15:49:41,-07:00,2026-05-08T15:49:41-07:00,3,48
projects/projects.js,137,js,a7ba7e03,ananyakw,2026-05-08,15:49:41,-07:00,2026-05-08T15:49:41-07:00,2,0
projects/projects.js,138,js,a7ba7e03,ananyakw,2026-05-08,15:49:41,-07:00,2026-05-08T15:49:41-07:00,1,0
projects/projects.js,139,js,a7ba7e03,ananyakw,2026-05-08,15:49:41,-07:00,2026-05-08T15:49:41-07:00,0,1
projects/index.html,1,html,22df8e1b,ananyakw,2026-04-03,20:03:36,-07:00,2026-04-03T20:03:36-07:00,0,13
projects/index.html,2,html,22df8e1b,ananyakw,2026-04-03,20:03:36,-07:00,2026-04-03T20:03:36-07:00,0,14
projects/index.html,3,html,22df8e1b,ananyakw,2026-04-03,20:03:36,-07:00,2026-04-03T20:03:36-07:00,0,4
projects/index.html,4,html,22df8e1b,ananyakw,2026-04-03,20:03:36,-07:00,2026-04-03T20:03:36-07:00,1,20
projects/index.html,5,html,22df8e1b,ananyakw,2026-04-03,20:03:36,-07:00,2026-04-03T20:03:36-07:00,1,68
projects/index.html,6,html,feee861d,ananyakw,2026-04-10,21:32:54,-07:00,2026-04-10T21:32:54-07:00,1,37
projects/index.html,7,html,22df8e1b,ananyakw,2026-04-03,20:03:36,-07:00,2026-04-03T20:03:36-07:00,1,41
projects/index.html,8,html,22df8e1b,ananyakw,2026-04-03,20:03:36,-07:00,2026-04-03T20:03:36-07:00,0,5
projects/index.html,9,html,12993656,ananyakw,2026-04-18,21:21:22,-07:00,2026-04-18T21:21:22-07:00,0,0
projects/index.html,10,html,22df8e1b,ananyakw,2026-04-03,20:03:36,-07:00,2026-04-03T20:03:36-07:00,0,4
projects/index.html,11,html,22df8e1b,ananyakw,2026-04-03,20:03:36,-07:00,2026-04-03T20:03:36-07:00,1,4
projects/index.html,12,html,fd96cacc,ananyakw,2026-04-25,21:17:59,-07:00,2026-04-25T21:17:59-07:00,2,38
projects/index.html,13,html,feee861d,ananyakw,2026-04-10,21:32:54,-07:00,2026-04-10T21:32:54-07:00,2,102
projects/index.html,14,html,22df8e1b,ananyakw,2026-04-03,20:03:36,-07:00,2026-04-03T20:03:36-07:00,0,0
projects/index.html,15,html,2ccab232,ananyakw,2026-05-08,16:01:03,-07:00,2026-05-08T16:01:03-07:00,2,25
projects/index.html,16,html,2ccab232,ananyakw,2026-05-08,16:01:03,-07:00,2026-05-08T16:01:03-07:00,3,58
projects/index.html,17,html,2ccab232,ananyakw,2026-05-08,16:01:03,-07:00,2026-05-08T16:01:03-07:00,3,22
projects/index.html,18,html,2ccab232,ananyakw,2026-05-08,16:01:03,-07:00,2026-05-08T16:01:03-07:00,2,4
projects/index.html,19,html,2ccab232,ananyakw,2026-05-08,16:01:03,-07:00,2026-05-08T16:01:03-07:00,0,0
projects/index.html,20,html,2ccab232,ananyakw,2026-05-08,16:01:03,-07:00,2026-05-08T16:01:03-07:00,2,4
projects/index.html,21,html,2ccab232,ananyakw,2026-05-08,16:01:03,-07:00,2026-05-08T16:01:03-07:00,3,15
projects/index.html,22,html,2ccab232,ananyakw,2026-05-08,16:01:03,-07:00,2026-05-08T16:01:03-07:00,3,11
projects/index.html,23,html,2ccab232,ananyakw,2026-05-08,16:01:03,-07:00,2026-05-08T16:01:03-07:00,3,26
projects/index.html,24,html,2ccab232,ananyakw,2026-05-08,16:01:03,-07:00,2026-05-08T16:01:03-07:00,3,31
projects/index.html,25,html,2ccab232,ananyakw,2026-05-08,16:01:03,-07:00,2026-05-08T16:01:03-07:00,2,0
projects/index.html,26,html,2ccab232,ananyakw,2026-05-08,16:01:03,-07:00,2026-05-08T16:01:03-07:00,0,0
projects/index.html,27,html,fd96cacc,ananyakw,2026-04-25,21:17:59,-07:00,2026-04-25T21:17:59-07:00,2,26
projects/index.html,28,html,fd96cacc,ananyakw,2026-04-25,21:17:59,-07:00,2026-04-25T21:17:59-07:00,1,5
projects/index.html,29,html,fd96cacc,ananyakw,2026-04-25,21:17:59,-07:00,2026-04-25T21:17:59-07:00,0,0
projects/index.html,30,html,fd96cacc,ananyakw,2026-04-25,21:17:59,-07:00,2026-04-25T21:17:59-07:00,1,48
projects/index.html,31,html,fd96cacc,ananyakw,2026-04-25,21:17:59,-07:00,2026-04-25T21:17:59-07:00,1,47
projects/index.html,32,html,22df8e1b,ananyakw,2026-04-03,20:03:36,-07:00,2026-04-03T20:03:36-07:00,0,5
projects/index.html,33,html,22df8e1b,ananyakw,2026-04-03,20:03:36,-07:00,2026-04-03T20:03:36-07:00,0,5
cv/index.html,1,html,22df8e1b,ananyakw,2026-04-03,20:03:36,-07:00,2026-04-03T20:03:36-07:00,0,13
cv/index.html,2,html,22df8e1b,ananyakw,2026-04-03,20:03:36,-07:00,2026-04-03T20:03:36-07:00,0,14
cv/index.html,3,html,22df8e1b,ananyakw,2026-04-03,20:03:36,-07:00,2026-04-03T20:03:36-07:00,0,4
cv/index.html,4,html,22df8e1b,ananyakw,2026-04-03,20:03:36,-07:00,2026-04-03T20:03:36-07:00,1,20
cv/index.html,5,html,22df8e1b,ananyakw,2026-04-03,20:03:36,-07:00,2026-04-03T20:03:36-07:00,1,68
cv/index.html,6,html,22df8e1b,ananyakw,2026-04-03,20:03:36,-07:00,2026-04-03T20:03:36-07:00,1,32
cv/index.html,7,html,22df8e1b,ananyakw,2026-04-03,20:03:36,-07:00,2026-04-03T20:03:36-07:00,1,41
cv/index.html,8,html,22df8e1b,ananyakw,2026-04-03,20:03:36,-07:00,2026-04-03T20:03:36-07:00,0,5
cv/index.html,9,html,22df8e1b,ananyakw,2026-04-03,20:03:36,-07:00,2026-04-03T20:03:36-07:00,0,0
cv/index.html,10,html,12993656,ananyakw,2026-04-18,21:21:22,-07:00,2026-04-18T21:21:22-07:00,0,4
cv/index.html,11,html,22df8e1b,ananyakw,2026-04-03,20:03:36,-07:00,2026-04-03T20:03:36-07:00,0,0
cv/index.html,12,html,22df8e1b,ananyakw,2026-04-03,20:03:36,-07:00,2026-04-03T20:03:36-07:00,1,4
cv/index.html,13,html,22df8e1b,ananyakw,2026-04-03,20:03:36,-07:00,2026-04-03T20:03:36-07:00,2,9
cv/index.html,14,html,22df8e1b,ananyakw,2026-04-03,20:03:36,-07:00,2026-04-03T20:03:36-07:00,0,0
cv/index.html,15,html,22df8e1b,ananyakw,2026-04-03,20:03:36,-07:00,2026-04-03T20:03:36-07:00,2,7
cv/index.html,16,html,22df8e1b,ananyakw,2026-04-03,20:03:36,-07:00,2026-04-03T20:03:36-07:00,3,16
cv/index.html,17,html,22df8e1b,ananyakw,2026-04-03,20:03:36,-07:00,2026-04-03T20:03:36-07:00,0,0
cv/index.html,18,html,22df8e1b,ananyakw,2026-04-03,20:03:36,-07:00,2026-04-03T20:03:36-07:00,3,7
cv/index.html,19,html,22df8e1b,ananyakw,2026-04-03,20:03:36,-07:00,2026-04-03T20:03:36-07:00,4,19
cv/index.html,20,html,22df8e1b,ananyakw,2026-04-03,20:03:36,-07:00,2026-04-03T20:03:36-07:00,4,40
cv/index.html,21,html,22df8e1b,ananyakw,2026-04-03,20:03:36,-07:00,2026-04-03T20:03:36-07:00,4,95
cv/index.html,22,html,22df8e1b,ananyakw,2026-04-03,20:03:36,-07:00,2026-04-03T20:03:36-07:00,3,8
cv/index.html,23,html,22df8e1b,ananyakw,2026-04-03,20:03:36,-07:00,2026-04-03T20:03:36-07:00,2,8
cv/index.html,24,html,22df8e1b,ananyakw,2026-04-03,20:03:36,-07:00,2026-04-03T20:03:36-07:00,0,0
cv/index.html,25,html,22df8e1b,ananyakw,2026-04-03,20:03:36,-07:00,2026-04-03T20:03:36-07:00,2,7
cv/index.html,26,html,22df8e1b,ananyakw,2026-04-03,20:03:36,-07:00,2026-04-03T20:03:36-07:00,3,17
cv/index.html,27,html,22df8e1b,ananyakw,2026-04-03,20:03:36,-07:00,2026-04-03T20:03:36-07:00,0,0
cv/index.html,28,html,22df8e1b,ananyakw,2026-04-03,20:03:36,-07:00,2026-04-03T20:03:36-07:00,3,7
cv/index.html,29,html,22df8e1b,ananyakw,2026-04-03,20:03:36,-07:00,2026-04-03T20:03:36-07:00,4,58
cv/index.html,30,html,22df8e1b,ananyakw,2026-04-03,20:03:36,-07:00,2026-04-03T20:03:36-07:00,4,57
cv/index.html,31,html,22df8e1b,ananyakw,2026-04-03,20:03:36,-07:00,2026-04-03T20:03:36-07:00,4,2
cv/index.html,32,html,22df8e1b,ananyakw,2026-04-03,20:03:36,-07:00,2026-04-03T20:03:36-07:00,5,123
cv/index.html,33,html,22df8e1b,ananyakw,2026-04-03,20:03:36,-07:00,2026-04-03T20:03:36-07:00,5,130
cv/index.html,34,html,22df8e1b,ananyakw,2026-04-03,20:03:36,-07:00,2026-04-03T20:03:36-07:00,6,73
cv/index.html,35,html,22df8e1b,ananyakw,2026-04-03,20:03:36,-07:00,2026-04-03T20:03:36-07:00,4,3
cv/index.html,36,html,22df8e1b,ananyakw,2026-04-03,20:03:36,-07:00,2026-04-03T20:03:36-07:00,3,8
cv/index.html,37,html,22df8e1b,ananyakw,2026-04-03,20:03:36,-07:00,2026-04-03T20:03:36-07:00,0,0
cv/index.html,38,html,22df8e1b,ananyakw,2026-04-03,20:03:36,-07:00,2026-04-03T20:03:36-07:00,0,0
cv/index.html,39,html,22df8e1b,ananyakw,2026-04-03,20:03:36,-07:00,2026-04-03T20:03:36-07:00,3,7
cv/index.html,40,html,22df8e1b,ananyakw,2026-04-03,20:03:36,-07:00,2026-04-03T20:03:36-07:00,4,63
cv/index.html,41,html,22df8e1b,ananyakw,2026-04-03,20:03:36,-07:00,2026-04-03T20:03:36-07:00,4,58
cv/index.html,42,html,22df8e1b,ananyakw,2026-04-03,20:03:36,-07:00,2026-04-03T20:03:36-07:00,4,2
cv/index.html,43,html,22df8e1b,ananyakw,2026-04-03,20:03:36,-07:00,2026-04-03T20:03:36-07:00,5,132
cv/index.html,44,html,22df8e1b,ananyakw,2026-04-03,20:03:36,-07:00,2026-04-03T20:03:36-07:00,5,117
cv/index.html,45,html,22df8e1b,ananyakw,2026-04-03,20:03:36,-07:00,2026-04-03T20:03:36-07:00,6,82
cv/index.html,46,html,22df8e1b,ananyakw,2026-04-03,20:03:36,-07:00,2026-04-03T20:03:36-07:00,4,3
cv/index.html,47,html,22df8e1b,ananyakw,2026-04-03,20:03:36,-07:00,2026-04-03T20:03:36-07:00,3,8
cv/index.html,48,html,22df8e1b,ananyakw,2026-04-03,20:03:36,-07:00,2026-04-03T20:03:36-07:00,0,0
cv/index.html,49,html,22df8e1b,ananyakw,2026-04-03,20:03:36,-07:00,2026-04-03T20:03:36-07:00,0,0
cv/index.html,50,html,22df8e1b,ananyakw,2026-04-03,20:03:36,-07:00,2026-04-03T20:03:36-07:00,3,7
cv/index.html,51,html,22df8e1b,ananyakw,2026-04-03,20:03:36,-07:00,2026-04-03T20:03:36-07:00,4,56
cv/index.html,52,html,22df8e1b,ananyakw,2026-04-03,20:03:36,-07:00,2026-04-03T20:03:36-07:00,4,94
cv/index.html,53,html,22df8e1b,ananyakw,2026-04-03,20:03:36,-07:00,2026-04-03T20:03:36-07:00,4,2
cv/index.html,54,html,22df8e1b,ananyakw,2026-04-03,20:03:36,-07:00,2026-04-03T20:03:36-07:00,5,119
cv/index.html,55,html,22df8e1b,ananyakw,2026-04-03,20:03:36,-07:00,2026-04-03T20:03:36-07:00,6,41
cv/index.html,56,html,22df8e1b,ananyakw,2026-04-03,20:03:36,-07:00,2026-04-03T20:03:36-07:00,5,123
cv/index.html,57,html,22df8e1b,ananyakw,2026-04-03,20:03:36,-07:00,2026-04-03T20:03:36-07:00,6,111
cv/index.html,58,html,22df8e1b,ananyakw,2026-04-03,20:03:36,-07:00,2026-04-03T20:03:36-07:00,4,3
cv/index.html,59,html,22df8e1b,ananyakw,2026-04-03,20:03:36,-07:00,2026-04-03T20:03:36-07:00,3,8
cv/index.html,60,html,22df8e1b,ananyakw,2026-04-03,20:03:36,-07:00,2026-04-03T20:03:36-07:00,0,0
cv/index.html,61,html,22df8e1b,ananyakw,2026-04-03,20:03:36,-07:00,2026-04-03T20:03:36-07:00,2,8
cv/index.html,62,html,22df8e1b,ananyakw,2026-04-03,20:03:36,-07:00,2026-04-03T20:03:36-07:00,0,0
cv/index.html,63,html,22df8e1b,ananyakw,2026-04-03,20:03:36,-07:00,2026-04-03T20:03:36-07:00,2,7
cv/index.html,64,html,22df8e1b,ananyakw,2026-04-03,20:03:36,-07:00,2026-04-03T20:03:36-07:00,3,13
cv/index.html,65,html,22df8e1b,ananyakw,2026-04-03,20:03:36,-07:00,2026-04-03T20:03:36-07:00,3,2
cv/index.html,66,html,22df8e1b,ananyakw,2026-04-03,20:03:36,-07:00,2026-04-03T20:03:36-07:00,4,75
cv/index.html,67,html,22df8e1b,ananyakw,2026-04-03,20:03:36,-07:00,2026-04-03T20:03:36-07:00,4,52
cv/index.html,68,html,22df8e1b,ananyakw,2026-04-03,20:03:36,-07:00,2026-04-03T20:03:36-07:00,4,118
cv/index.html,69,html,22df8e1b,ananyakw,2026-04-03,20:03:36,-07:00,2026-04-03T20:03:36-07:00,3,3
cv/index.html,70,html,22df8e1b,ananyakw,2026-04-03,20:03:36,-07:00,2026-04-03T20:03:36-07:00,2,8
cv/index.html,71,html,22df8e1b,ananyakw,2026-04-03,20:03:36,-07:00,2026-04-03T20:03:36-07:00,0,0
cv/index.html,72,html,22df8e1b,ananyakw,2026-04-03,20:03:36,-07:00,2026-04-03T20:03:36-07:00,1,5
cv/index.html,73,html,12993656,ananyakw,2026-04-18,21:21:22,-07:00,2026-04-18T21:21:22-07:00,1,48
cv/index.html,74,html,22df8e1b,ananyakw,2026-04-03,20:03:36,-07:00,2026-04-03T20:03:36-07:00,0,0
cv/index.html,75,html,22df8e1b,ananyakw,2026-04-03,20:03:36,-07:00,2026-04-03T20:03:36-07:00,0,5
cv/index.html,76,html,22df8e1b,ananyakw,2026-04-03,20:03:36,-07:00,2026-04-03T20:03:36-07:00,0,5
contact/index.html,1,html,22df8e1b,ananyakw,2026-04-03,20:03:36,-07:00,2026-04-03T20:03:36-07:00,0,13
contact/index.html,2,html,22df8e1b,ananyakw,2026-04-03,20:03:36,-07:00,2026-04-03T20:03:36-07:00,0,14
contact/index.html,3,html,22df8e1b,ananyakw,2026-04-03,20:03:36,-07:00,2026-04-03T20:03:36-07:00,0,4
contact/index.html,4,html,22df8e1b,ananyakw,2026-04-03,20:03:36,-07:00,2026-04-03T20:03:36-07:00,1,20
contact/index.html,5,html,22df8e1b,ananyakw,2026-04-03,20:03:36,-07:00,2026-04-03T20:03:36-07:00,1,68
contact/index.html,6,html,22df8e1b,ananyakw,2026-04-03,20:03:36,-07:00,2026-04-03T20:03:36-07:00,1,48
contact/index.html,7,html,22df8e1b,ananyakw,2026-04-03,20:03:36,-07:00,2026-04-03T20:03:36-07:00,1,41
contact/index.html,8,html,22df8e1b,ananyakw,2026-04-03,20:03:36,-07:00,2026-04-03T20:03:36-07:00,0,5
contact/index.html,9,html,22df8e1b,ananyakw,2026-04-03,20:03:36,-07:00,2026-04-03T20:03:36-07:00,0,0
contact/index.html,10,html,12993656,ananyakw,2026-04-18,21:21:22,-07:00,2026-04-18T21:21:22-07:00,0,0
contact/index.html,11,html,12993656,ananyakw,2026-04-18,21:21:22,-07:00,2026-04-18T21:21:22-07:00,0,4
contact/index.html,12,html,22df8e1b,ananyakw,2026-04-03,20:03:36,-07:00,2026-04-03T20:03:36-07:00,0,0
contact/index.html,13,html,22df8e1b,ananyakw,2026-04-03,20:03:36,-07:00,2026-04-03T20:03:36-07:00,1,4
contact/index.html,14,html,22df8e1b,ananyakw,2026-04-03,20:03:36,-07:00,2026-04-03T20:03:36-07:00,2,14
contact/index.html,15,html,22df8e1b,ananyakw,2026-04-03,20:03:36,-07:00,2026-04-03T20:03:36-07:00,2,38
contact/index.html,16,html,22df8e1b,ananyakw,2026-04-03,20:03:36,-07:00,2026-04-03T20:03:36-07:00,0,0
contact/index.html,17,html,3084bc3d,ananyakw,2026-04-18,21:27:46,-07:00,2026-04-18T21:27:46-07:00,2,43
contact/index.html,18,html,22df8e1b,ananyakw,2026-04-03,20:03:36,-07:00,2026-04-03T20:03:36-07:00,3,5
contact/index.html,19,html,22df8e1b,ananyakw,2026-04-03,20:03:36,-07:00,2026-04-03T20:03:36-07:00,4,5
contact/index.html,20,html,22df8e1b,ananyakw,2026-04-03,20:03:36,-07:00,2026-04-03T20:03:36-07:00,4,35
contact/index.html,21,html,22df8e1b,ananyakw,2026-04-03,20:03:36,-07:00,2026-04-03T20:03:36-07:00,3,6
contact/index.html,22,html,3084bc3d,ananyakw,2026-04-18,21:27:46,-07:00,2026-04-18T21:27:46-07:00,2,0
contact/index.html,23,html,22df8e1b,ananyakw,2026-04-03,20:03:36,-07:00,2026-04-03T20:03:36-07:00,3,5
contact/index.html,24,html,22df8e1b,ananyakw,2026-04-03,20:03:36,-07:00,2026-04-03T20:03:36-07:00,4,5
contact/index.html,25,html,22df8e1b,ananyakw,2026-04-03,20:03:36,-07:00,2026-04-03T20:03:36-07:00,4,34
contact/index.html,26,html,22df8e1b,ananyakw,2026-04-03,20:03:36,-07:00,2026-04-03T20:03:36-07:00,3,6
contact/index.html,27,html,3084bc3d,ananyakw,2026-04-18,21:27:46,-07:00,2026-04-18T21:27:46-07:00,2,0
contact/index.html,28,html,22df8e1b,ananyakw,2026-04-03,20:03:36,-07:00,2026-04-03T20:03:36-07:00,3,19
contact/index.html,29,html,22df8e1b,ananyakw,2026-04-03,20:03:36,-07:00,2026-04-03T20:03:36-07:00,2,5
contact/index.html,30,html,22df8e1b,ananyakw,2026-04-03,20:03:36,-07:00,2026-04-03T20:03:36-07:00,1,5
contact/index.html,31,html,12993656,ananyakw,2026-04-18,21:21:22,-07:00,2026-04-18T21:21:22-07:00,1,48
contact/index.html,32,html,22df8e1b,ananyakw,2026-04-03,20:03:36,-07:00,2026-04-03T20:03:36-07:00,0,0
contact/index.html,33,html,22df8e1b,ananyakw,2026-04-03,20:03:36,-07:00,2026-04-03T20:03:36-07:00,0,5
contact/index.html,34,html,22df8e1b,ananyakw,2026-04-03,20:03:36,-07:00,2026-04-03T20:03:36-07:00,0,5
